2017-03-23,1247.9,1247.5,997.95,996.38,1157.93,1156.43
2017-03-22,1246.1,1249.05,999.5,1003.36,1154.76,1154.62
2017-03-21,1232.05,1241.6,989.21,996.88,1141.37,1148.36
2017-03-20,1233.0,1232.4,993.92,995.16,1146.57,1146.13
2017-03-17,1228.75,1229.6,991.85,994.25,1140.53,1144.27
2017-03-16,1225.6,1229.35,998.74,994.42,1143.24,1144.65
2017-03-15,1202.25,1198.8,986.69,982.42,1132.04,1128.07
2017-03-14,1203.55,1204.6,992.33,991.99,1130.86,1132.44
2017-03-13,1207.8,1204.2,989.79,985.04,1132.07,1129.06
2017-03-10,1196.55,1202.65,983.56,988.94,1127.15,1131.09
2017-03-09,1204.6,1206.55,991.39,990.82,1140.64,1139.35
2017-03-08,1213.3,1209.2,997.7,993.84,1149.0,1145.84
2017-03-07,1223.7,1216.65,1003.56,998.99,1157.62,1151.8
2017-03-06,1231.15,1230.95,1004.74,1004.09,1162.82,1161.16
2017-03-03,1228.75,1226.5,1005.12,1001.81,1168.05,1161.62
2017-03-02,1243.3,1238.1,1013.17,1009.3,1181.14,1178.05
2017-03-01,1246.05,1240.4,1007.18,1008.32,1182.5,1177.02
2017-02-28,1251.9,1255.6,1006.9,1009.5,1180.79,1184.16
2017-02-27,1256.25,1257.2,1011.16,1012.17,1187.41,1186.04
2017-02-24,1255.35,1253.65,1000.89,1001.79,1185.18,1185.58
2017-02-23,1237.35,1247.9,992.97,997.7,1173.13,1179.39
2017-02-22,1237.5,1236.65,994.21,992.41,1178.22,1176.67
2017-02-21,1228.7,1233.2,988.86,991.62,1166.16,1170.31
2017-02-20,1235.35,1237.3,991.49,991.82,1163.21,1164.92
2017-02-17,1241.4,1241.95,1000.57,999.77,1165.55,1166.32
2017-02-16,1236.75,1240.55,988.41,992.32,1163.29,1163.76
2017-02-15,1225.15,1224.4,985.27,986.01,1161.81,1159.26
2017-02-14,1229.65,1230.75,986.67,987.8,1157.84,1159.74
2017-02-13,1229.4,1222.25,982.04,978.29,1155.64,1152.95
2017-02-10,1225.75,1228.3,980.23,986.08,1151.35,1156.08
2017-02-09,1241.75,1236.8,988.18,986.97,1161.04,1159.99
2017-02-08,1235.6,1242.1,989.47,992.44,1160.1,1161.49
2017-02-07,1231.0,1231.0,995.14,994.03,1154.43,1153.45
2017-02-06,1221.85,1226.75,978.34,985.57,1138.15,1144.44
2017-02-03,1213.05,1215.2,970.93,974.1,1128.99,1128.19
2017-02-02,1224.05,1221.95,966.14,973.28,1131.88,1129.57
2017-02-01,1210.0,1203.65,960.01,951.85,1122.03,1120.48
2017-01-31,1198.8,1212.8,964.91,966.97,1119.2,1123.17
2017-01-30,1189.85,1192.8,949.38,953.41,1112.63,1118.73
2017-01-27,1184.2,1184.85,943.81,943.26,1108.77,1106.77
2017-01-26,1191.55,1189.7,945.14,945.69,1111.95,1112.85
2017-01-25,1203.5,1195.0,956.9,949.91,1119.62,1113.86
2017-01-24,1213.3,1216.8,972.22,974.05,1130.07,1130.04
2017-01-23,1213.75,1212.85,974.03,973.31,1130.12,1130.62
2017-01-20,1199.1,1200.55,974.87,975.69,1127.03,1126.24
2017-01-19,1203.35,1196.05,976.76,972.51,1129.34,1129.19
2017-01-18,1212.5,1214.75,984.91,986.74,1134.78,1137.01
2017-01-17,1217.5,1216.05,1003.59,981.47,1141.65,1135.06
2017-01-16,1202.75,1203.0,997.56,996.81,1135.4,1134.79
2017-01-13,1196.35,1190.35,978.85,981.56,1123.25,1122.5
2017-01-12,1206.65,1205.05,984.39,980.67,1135.82,1129.37
2017-01-11,1187.55,1178.55,979.25,974.07,1128.41,1125.4
2017-01-10,1183.2,1189.5,974.6,978.01,1118.12,1122.65
2017-01-09,1176.1,1178.5,968.75,970.85,1118.59,1119.22
2017-01-06,1178.0,1175.85,951.35,954.08,1112.27,1114.0
2017-01-05,1173.05,1176.7,953.22,955.25,1116.16,1116.69
2017-01-04,1165.9,1164.25,949.98,947.7,1117.4,1113.14
2017-01-03,1148.65,1151.0,935.12,940.6,1103.28,1109.56
2016-12-29,1146.8,1145.9,935.56,937.12,1094.85,1095.71
2016-12-28,1139.75,1134.6,931.29,929.69,1091.88,1092.51
2016-12-22,1130.55,1131.35,916.2,917.3,1080.47,1080.21
2016-12-21,1134.4,1133.65,919.2,915.08,1091.07,1085.13
2016-12-20,1132.75,1125.7,915.94,913.73,1090.84,1085.4
2016-12-19,1137.6,1136.25,913.15,917.98,1089.14,1089.21
2016-12-16,1134.85,1131.6,911.17,911.16,1084.8,1085.09
2016-12-15,1132.45,1126.95,904.37,903.81,1080.7,1081.65
2016-12-14,1160.95,1162.25,917.38,915.04,1091.99,1091.82
2016-12-13,1157.35,1158.55,911.18,910.62,1090.8,1088.81
2016-12-12,1154.4,1156.1,916.82,912.63,1089.41,1089.16
2016-12-09,1168.9,1163.6,927.64,924.95,1100.75,1102.63
2016-12-08,1174.75,1171.05,925.47,929.46,1088.64,1101.72
2016-12-07,1171.25,1177.65,929.62,935.41,1092.19,1096.39
2016-12-06,1171.15,1172.5,918.18,921.35,1086.94,1092.42
2016-12-05,1164.9,1162.2,915.84,913.61,1095.36,1082.59
2016-12-02,1171.65,1173.5,929.0,927.42,1100.88,1102.03
2016-12-01,1168.75,1161.85,930.09,919.95,1099.68,1095.97
2016-11-30,1187.4,1178.1,952.06,946.37,1115.44,1111.89
2016-11-29,1187.3,1186.55,952.45,949.83,1119.98,1119.51
2016-11-28,1189.1,1187.0,956.51,956.6,1117.99,1121.24
2016-11-25,1187.5,1187.7,953.33,955.39,1121.83,1120.0
2016-11-23,1213.25,1185.35,980.06,957.29,1143.0,1123.47
2016-11-22,1217.55,1212.25,978.91,975.38,1144.98,1141.82
2016-11-21,1214.95,1214.25,984.72,972.98,1143.39,1142.73
2016-11-18,1206.1,1211.0,971.15,981.27,1135.54,1142.7
2016-11-17,1232.0,1226.75,988.19,985.57,1148.1,1147.75
2016-11-16,1225.7,1229.2,984.36,987.91,1144.68,1148.2
2016-11-15,1228.9,1226.95,988.65,990.15,1138.7,1144.13
2016-11-14,1222.6,1213.6,978.08,972.94,1136.53,1132.9
2016-11-10,1280.9,1267.5,1034.071,1015.648,1175.482,1166.1
2016-11-09,1304.55,1281.4,1050.424,1035.115,1176.835,1170.046
2016-11-08,1284.0,1282.35,1034.262,1036.011,1162.02,1160.655
2016-11-07,1286.8,1283.05,1036.131,1035.293,1162.495,1161.16
2016-11-04,1301.7,1302.8,1042.792,1039.895,1172.571,1172.129
2016-11-03,1293.0,1301.0,1040.606,1045.484,1165.898,1173.762
2016-11-02,1295.85,1303.75,1056.507,1060.079,1169.764,1173.636
2016-11-01,1284.4,1288.45,1048.584,1053.694,1167.52,1167.336
2016-10-31,1274.2,1272.0,1046.246,1046.347,1163.217,1162.608
2016-10-28,1265.9,1273.0,1042.469,1045.642,1160.957,1164.922
2016-10-27,1269.3,1266.25,1038.287,1037.059,1162.933,1160.012
2016-10-26,1273.9,1270.5,1043.451,1039.269,1166.128,1162.762
2016-10-25,1269.3,1269.4,1037.526,1047.382,1165.852,1168.737
2016-10-24,1267.0,1265.55,1034.886,1035.6,1163.613,1163.04
2016-10-21,1263.95,1266.05,1033.785,1038.667,1160.685,1164.513
2016-10-20,1269.2,1271.65,1034.652,1039.828,1156.749,1161.016
2016-10-19,1269.75,1269.05,1031.291,1032.118,1154.965,1156.993
2016-10-18,1261.65,1258.2,1031.147,1023.672,1145.326,1146.22
2016-10-17,1252.7,1254.8,1029.594,1031.697,1139.581,1140.864
2016-10-14,1256.15,1251.75,1028.787,1025.183,1140.082,1136.213
2016-10-13,1258.0,1261.05,1029.925,1034.061,1141.761,1142.89
2016-10-12,1255.7,1256.5,1024.526,1027.44,1139.045,1138.766
2016-10-11,1256.4,1253.45,1021.579,1020.81,1130.76,1131.991
2016-10-07,1255.0,1258.75,1012.911,1013.294,1127.618,1124.567
2016-10-06,1265.5,1254.5,994.303,992.31,1131.23,1122.15
2016-10-05,1274.0,1269.4,1001.109,996.733,1134.37,1133.828
2016-10-04,1309.15,1283.3,1026.897,1006.107,1172.213,1150.735
2016-10-03,1318.65,1313.3,1023.404,1023.061,1173.994,1170.676
2016-09-30,1327.9,1322.5,1025.006,1018.457,1187.674,1179.935
2016-09-29,1320.85,1318.1,1016.922,1014.146,1177.142,1175.218
2016-09-28,1324.8,1322.5,1020.096,1016.474,1181.059,1179.935
2016-09-27,1335.85,1327.0,1031.009,1021.79,1187.838,1183.419
2016-09-26,1336.3,1340.5,1033.227,1034.866,1188.906,1190.9
2016-09-23,1335.9,1338.65,1027.174,1033.973,1192.157,1193.54
2016-09-22,1332.45,1339.1,1019.591,1021.332,1186.68,1189.924
2016-09-21,1319.6,1326.1,1015.96,1021.495,1183.813,1190.042
2016-09-20,1315.4,1313.8,1011.016,1013.728,1175.836,1175.325
2016-09-19,1315.05,1314.85,1007.986,1004.545,1177.364,1176.396
2016-09-16,1314.25,1308.35,995.676,998.009,1170.077,1170.842
2016-09-15,1320.1,1310.8,998.26,993.717,1174.229,1167.267
2016-09-14,1323.2,1321.75,1001.398,1005.72,1177.913,1177.283
2016-09-13,1328.5,1323.65,1000.361,1003.062,1183.694,1178.313
2016-09-12,1327.5,1324.6,1000.802,995.702,1182.537,1179.689
2016-09-09,1335.65,1330.85,1004.676,1004.392,1184.855,1187.384
2016-09-08,1348.0,1343.4,1009.113,1009.565,1195.811,1190.118
2016-09-07,1348.75,1348.35,1008.595,1008.161,1199.848,1198.413
2016-09-06,1330.05,1337.25,997.937,997.589,1191.459,1195.502
2016-09-02,1311.5,1324.7,987.953,993.26,1172.743,1182.295
2016-09-01,1305.7,1309.5,985.804,985.137,1172.127,1174.36
2016-08-31,1314.45,1309.25,1000.296,999.351,1179.193,1174.921
2016-08-30,1318.85,1318.15,1008.393,1005.353,1180.898,1182.776
2016-08-26,1324.9,1318.75,1002.949,999.876,1173.331,1170.523
2016-08-25,1324.5,1321.3,1001.057,1000.356,1172.977,1169.747
2016-08-24,1337.3,1327.25,1010.731,1001.012,1185.383,1178.465
2016-08-23,1338.5,1342.0,1015.252,1018.041,1181.092,1185.254
2016-08-22,1334.3,1335.9,1018.204,1019.692,1181.256,1181.203
2016-08-19,1346.85,1346.4,1026.3,1032.285,1189.673,1189.41
2016-08-18,1347.1,1350.05,1023.931,1027.793,1190.836,1193.579
2016-08-17,1342.75,1343.35,1031.232,1033.439,1191.959,1192.492
2016-08-16,1349.1,1344.0,1039.886,1035.686,1197.326,1192.666
2016-08-15,1339.2,1339.4,1037.21,1040.714,1198.852,1197.156
2016-08-12,1336.7,1352.2,1032.601,1042.141,1199.02,1207.785
2016-08-11,1344.55,1355.0,1037.051,1044.434,1206.061,1213.267
2016-08-10,1351.85,1347.7,1035.112,1034.36,1209.23,1205.787
2016-08-09,1332.9,1341.0,1025.8,1034.045,1201.743,1207.302
2016-08-08,1330.0,1336.8,1019.844,1024.256,1198.862,1207.13
2016-08-05,1362.6,1340.4,1036.394,1027.953,1222.525,1212.66
2016-08-04,1351.15,1362.75,1016.605,1038.552,1213.873,1223.204
2016-08-03,1364.4,1358.9,1023.164,1020.67,1218.955,1215.128
2016-08-02,1358.15,1363.75,1025.132,1026.495,1213.1,1215.92
2016-08-01,1348.85,1349.65,1022.968,1022.63,1207.76,1208.477
2016-07-29,1332.5,1342.0,1012.034,1017.37,1200.183,1202.164
2016-07-28,1341.3,1341.75,1017.644,1019.864,1208.78,1208.246
2016-07-27,1320.8,1329.0,1007.77,1011.635,1200.211,1207.928
2016-07-26,1321.25,1323.0,1006.396,1006.406,1199.563,1203.665
2016-07-25,1315.0,1313.15,1000.321,1001.146,1196.913,1196.411
2016-07-22,1323.2,1320.75,1005.103,1008.657,1199.216,1199.241
2016-07-21,1322.0,1321.15,1000.754,1001.3,1199.318,1200.397
2016-07-20,1325.6,1315.9,1005.865,999.163,1204.308,1196.022
2016-07-19,1332.2,1330.9,1009.142,1013.613,1203.376,1207.392
2016-07-18,1326.15,1334.7,1000.05,1006.764,1200.298,1205.901
2016-07-15,1330.5,1327.0,994.15,998.169,1194.789,1197.219
2016-07-14,1325.7,1323.6,1001.964,995.215,1192.997,1191.24
2016-07-13,1340.25,1342.75,1009.744,1014.985,1211.452,1211.026
2016-07-12,1352.85,1342.4,1029.113,1019.687,1217.836,1210.308
2016-07-11,1358.25,1357.1,1054.953,1045.51,1231.661,1226.683
2016-07-08,1356.1,1354.25,1047.452,1045.616,1224.83,1225.596
2016-07-07,1367.1,1356.7,1052.804,1045.337,1233.398,1223.608
2016-07-06,1370.0,1366.25,1059.01,1056.794,1239.713,1235.363
2016-07-05,1344.75,1350.75,1023.893,1032.378,1207.048,1212.028
2016-07-01,1331.75,1340.0,1001.343,1005.804,1199.507,1202.918
2016-06-30,1317.0,1320.75,976.819,983.166,1183.588,1187.75
2016-06-29,1317.75,1321.5,984.359,976.853,1191.641,1187.5
2016-06-28,1312.0,1309.7,985.837,977.822,1185.786,1183.969
2016-06-27,1324.6,1324.55,996.364,1001.89,1200.485,1202.426
2016-06-24,1313.85,1315.5,945.578,955.842,1181.283,1189.08
2016-06-23,1265.75,1262.15,850.964,851.573,1112.215,1108.546
2016-06-22,1265.0,1264.85,862.983,857.062,1122.308,1116.863
2016-06-21,1280.8,1272.6,866.717,867.531,1129.666,1131.087
2016-06-20,1283.25,1281.8,877.486,874.444,1132.083,1129.65
2016-06-17,1284.5,1290.7,899.407,904.006,1142.049,1145.109
2016-06-16,1307.0,1310.75,922.089,931.288,1161.139,1175.874
2016-06-15,1282.0,1283.3,903.041,905.368,1141.493,1142.907
2016-06-14,1279.4,1287.15,904.792,911.045,1140.841,1149.296
2016-06-13,1284.1,1280.8,909.271,895.92,1139.254,1136.198
2016-06-10,1266.6,1275.5,876.867,889.406,1121.068,1129.583
2016-06-09,1258.35,1263.9,870.527,873.608,1107.977,1116.656
2016-06-08,1252.4,1263.0,861.651,866.923,1101.611,1107.65
2016-06-07,1241.1,1241.0,851.022,851.574,1091.423,1092.576
2016-06-06,1240.55,1244.0,859.081,861.843,1092.676,1095.591
2016-06-03,1211.0,1240.5,839.344,851.603,1086.63,1093.997
2016-06-02,1215.5,1212.4,842.098,839.466,1085.32,1085.825
2016-06-01,1216.25,1214.5,841.767,842.62,1090.003,1088.313
2016-05-31,1210.5,1212.1,829.071,827.137,1087.392,1084.951
2016-05-27,1221.25,1216.25,833.503,830.699,1092.164,1090.733
2016-05-26,1226.65,1223.85,834.367,833.687,1097.238,1093.755
2016-05-25,1220.75,1220.6,834.627,829.52,1094.769,1094.634
2016-05-24,1242.65,1236.85,852.706,847.49,1111.178,1108.836
2016-05-23,1250.4,1245.9,860.886,861.042,1115.84,1113.585
2016-05-20,1256.5,1254.2,862.748,862.757,1120.183,1117.75
2016-05-19,1253.75,1246.25,857.368,853.939,1117.744,1113.098
2016-05-18,1270.9,1272.9,882.051,872.247,1127.211,1128.828
2016-05-17,1270.1,1277.0,877.504,883.435,1121.426,1125.996
2016-05-16,1281.0,1285.75,892.868,893.802,1132.041,1134.379
2016-05-13,1275.15,1265.9,885.162,881.596,1123.514,1120.518
2016-05-12,1268.3,1279.25,878.278,880.88,1111.301,1121.026
2016-05-11,1271.8,1276.85,882.449,883.842,1116.193,1117.397
2016-05-10,1264.85,1262.8,875.895,874.24,1111.037,1109.382
2016-05-09,1277.75,1265.25,884.675,878.461,1121.536,1110.703
2016-05-06,1280.25,1289.0,883.036,890.694,1121.057,1128.134
2016-05-05,1275.75,1280.25,879.225,884.342,1114.948,1122.446
2016-05-04,1280.3,1283.0,883.594,885.99,1114.175,1117.731
2016-05-03,1296.5,1294.0,881.32,885.558,1118.148,1119.4
2016-04-29,1274.5,1285.65,873.797,878.152,1119.448,1123.295
2016-04-28,1256.6,1256.0,861.428,862.751,1106.445,1108.031
2016-04-27,1244.75,1247.4,853.579,855.9,1100.785,1102.425
2016-04-26,1234.5,1241.7,847.277,848.778,1093.457,1096.031
2016-04-25,1230.85,1238.9,853.792,855.657,1094.075,1100.291
2016-04-22,1245.4,1243.25,868.729,862.554,1104.336,1105.356
2016-04-21,1257.65,1249.25,877.017,871.258,1113.208,1106.052
2016-04-20,1247.75,1252.0,867.447,869.61,1098.087,1103.832
2016-04-19,1241.7,1255.4,867.007,870.753,1095.183,1103.082
2016-04-18,1237.7,1234.3,872.45,868.502,1095.016,1091.732
2016-04-15,1229.75,1227.1,867.457,865.595,1092.164,1086.395
2016-04-14,1240.3,1233.85,874.955,872.845,1101.041,1093.825
2016-04-13,1245.75,1245.75,875.328,876.888,1100.365,1104.684
2016-04-12,1259.2,1254.6,880.176,881.37,1102.149,1103.52
2016-04-11,1247.25,1254.75,878.958,878.644,1095.838,1096.476
2016-04-08,1235.0,1239.5,877.33,879.183,1085.178,1087.618
2016-04-07,1237.5,1242.1,879.696,880.214,1086.073,1093.141
2016-04-06,1225.75,1221.4,868.382,867.223,1079.764,1072.429
2016-04-05,1231.5,1231.25,866.323,871.698,1083.586,1085.561
2016-04-04,1215.0,1219.75,854.579,853.356,1068.803,1069.487
2016-04-01,1232.1,1213.6,860.2,855.843,1080.692,1067.443
2016-03-31,1233.6,1237.0,857.62,860.731,1085.502,1084.853
2016-03-30,1238.2,1236.25,860.234,856.45,1094.116,1091.189
2016-03-29,1216.45,1226.0,853.036,858.649,1087.706,1094.374
2016-03-24,1216.45,1221.0,861.885,864.073,1088.752,1094.282
2016-03-23,1232.2,1217.6,870.03,862.203,1101.755,1088.974
2016-03-22,1251.8,1252.5,876.962,880.076,1117.349,1115.591
2016-03-21,1244.25,1244.9,863.601,866.219,1104.468,1106.04
2016-03-18,1254.5,1252.1,868.78,864.019,1112.927,1108.598
2016-03-17,1269.6,1266.5,883.166,875.426,1119.398,1119.945
2016-03-16,1233.1,1228.5,874.093,872.644,1111.79,1110.332
2016-03-15,1233.6,1232.0,870.706,870.136,1112.558,1111.007
2016-03-14,1256.55,1242.75,875.89,867.885,1130.24,1119.813
2016-03-11,1262.25,1264.75,883.03,881.847,1136.495,1135.141
2016-03-10,1247.25,1266.5,876.668,890.369,1137.038,1145.729
2016-03-09,1258.25,1246.4,884.157,877.436,1146.686,1136.688
2016-03-08,1274.1,1267.0,894.351,893.07,1155.693,1147.376
2016-03-07,1267.6,1267.9,896.126,895.778,1156.958,1158.056
2016-03-04,1271.5,1277.5,898.932,898.22,1158.667,1157.347
2016-03-03,1241.95,1250.25,882.239,884.484,1141.483,1143.551
2016-03-02,1229.35,1239.2,881.536,883.283,1131.529,1143.279
2016-03-01,1240.0,1236.5,886.094,887.981,1141.7,1140.577
2016-02-29,1234.15,1234.9,890.949,888.588,1131.461,1133.69
2016-02-26,1231.0,1226.5,878.867,882.332,1117.576,1120.519
2016-02-25,1235.4,1236.0,887.102,888.942,1121.408,1122.054
2016-02-24,1232.25,1250.75,885.523,896.89,1122.327,1135.093
2016-02-23,1218.75,1221.35,863.464,867.174,1106.622,1109.722
2016-02-22,1203.65,1211.0,849.206,858.388,1088.168,1100.008
2016-02-19,1221.5,1231.15,853.35,862.764,1101.137,1108.571
2016-02-18,1204.4,1210.1,841.194,842.458,1082.413,1090.663
2016-02-17,1202.4,1210.0,838.835,848.825,1080.566,1088.08
2016-02-16,1212.0,1209.5,838.044,846.174,1083.748,1085.46
2016-02-12,1239.5,1239.75,852.066,856.95,1098.652,1100.435
2016-02-11,1223.25,1241.0,847.331,858.645,1080.801,1095.852
2016-02-10,1183.4,1190.0,816.56,822.391,1052.285,1059.568
2016-02-09,1188.9,1191.0,822.313,825.507,1061.898,1057.351
2016-02-08,1173.4,1193.25,810.443,828.934,1050.115,1071.814
2016-02-05,1158.5,1150.35,797.398,794.057,1035.577,1034.208
2016-02-04,1146.25,1156.35,782.156,791.695,1027.29,1031.396
2016-02-03,1130.0,1132.0,781.25,776.619,1034.041,1026.757
2016-02-02,1123.6,1128.5,780.007,782.756,1029.645,1032.432
2016-02-01,1122.0,1126.5,785.604,785.674,1032.864,1033.012
2016-01-29,1112.9,1111.8,776.839,780.43,1019.886,1025.693
2016-01-28,1119.0,1114.0,781.588,776.983,1026.135,1019.726
2016-01-27,1116.5,1116.25,781.042,781.086,1027.139,1025.494
2016-01-26,1114.7,1113.6,785.802,779.532,1028.416,1027.97
2016-01-25,1103.7,1106.6,773.956,775.582,1020.291,1021.367
2016-01-22,1097.65,1096.25,769.633,764.177,1012.546,1013.451
2016-01-21,1096.8,1096.5,774.987,776.833,1006.978,1012.746
2016-01-20,1093.2,1101.75,771.081,776.673,999.726,1010.316
2016-01-19,1087.0,1086.25,759.794,767.044,999.77,997.017
2016-01-15,1081.1,1093.75,753.17,761.877,991.38,997.765
2016-01-14,1090.75,1088.4,759.099,754.994,998.033,997.343
2016-01-13,1081.8,1088.15,749.039,754.22,1000.0,1003.182
2016-01-12,1094.85,1085.4,756.922,753.724,1008.706,1000.599
2016-01-11,1104.7,1100.75,758.176,755.62,1014.079,1010.697
2016-01-08,1097.45,1101.85,750.669,756.039,1009.86,1013.3
2016-01-07,1096.0,1106.35,752.508,758.058,1009.447,1019.311
2016-01-06,1083.85,1091.4,739.837,745.692,1009.665,1015.312
2016-01-05,1078.0,1077.0,734.311,734.508,1000.747,1003.396
2016-01-04,1072.7,1082.25,725.019,734.956,982.299,998.418
2015-12-30,1067.8,1060.0,720.531,714.753,977.264,970.729
2015-12-29,1067.25,1070.1,718.459,722.687,972.892,979.075
2015-12-23,1071.5,1068.25,720.655,718.019,980.347,979.486
2015-12-22,1077.0,1074.9,723.183,724.659,985.091,979.945
2015-12-21,1071.15,1078.75,719.472,723.314,987.099,989.815
2015-12-18,1055.25,1062.5,707.059,712.657,974.512,979.805
2015-12-17,1065.85,1049.4,713.062,703.847,982.713,967.456
2015-12-16,1065.75,1075.25,710.334,715.784,975.649,983.85
2015-12-15,1069.15,1061.5,705.314,701.609,969.531,968.831
2015-12-14,1068.0,1068.25,703.673,705.372,973.964,971.445
2015-12-11,1067.2,1072.5,704.934,704.758,973.856,976.154
2015-12-10,1072.0,1071.0,706.402,705.51,979.443,977.056
2015-12-09,1078.4,1081.0,715.38,713.861,985.605,984.831
2015-12-08,1071.75,1072.1,714.786,715.735,988.426,986.066
2015-12-07,1082.7,1075.8,718.257,713.916,1001.804,994.132
2015-12-04,1063.0,1079.25,702.601,712.964,977.561,986.157
2015-12-03,1050.6,1055.45,703.13,701.704,994.745,975.597
2015-12-02,1066.9,1055.4,708.798,705.316,1007.674,998.227
2015-12-01,1069.25,1065.4,708.547,706.557,1009.25,1002.399
2015-11-30,1055.65,1061.9,703.052,705.722,998.203,1003.734
2015-11-27,1064.65,1057.4,707.726,702.102,1005.786,999.504
2015-11-26,1070.5,1071.0,710.305,708.45,1009.406,1008.451
2015-11-25,1072.2,1068.0,711.232,708.07,1011.104,1009.5
2015-11-24,1073.0,1076.4,709.668,713.947,1008.316,1011.369
2015-11-23,1068.35,1070.5,705.31,705.657,1005.908,1006.062
2015-11-20,1085.15,1081.75,709.26,709.402,1014.799,1012.187
2015-11-19,1073.1,1082.6,703.05,707.744,1004.188,1010.265
2015-11-18,1070.5,1067.75,702.739,701.752,1002.951,1001.336
2015-11-17,1080.8,1079.2,710.503,708.881,1013.598,1011.387
2015-11-16,1094.5,1084.75,719.888,713.886,1020.323,1012.768
2015-11-13,1083.75,1081.5,712.08,710.788,1006.595,1008.697
2015-11-12,1087.6,1087.4,716.21,713.892,1014.032,1007.738
2015-11-11,1088.6,1085.9,718.358,714.949,1013.17,1010.187
2015-11-10,1092.5,1087.1,723.223,719.553,1017.225,1017.55
2015-11-09,1095.6,1089.6,725.948,722.259,1015.902,1015.707
2015-11-06,1107.7,1088.9,731.638,722.202,1018.809,1013.496
2015-11-05,1107.3,1106.3,719.61,725.728,1019.801,1017.849
2015-11-04,1118.0,1114.7,724.985,724.749,1024.091,1024.399
2015-11-03,1130.9,1123.1,733.946,730.947,1029.823,1026.6
2015-11-02,1135.8,1134.0,733.863,733.221,1030.859,1027.826
2015-10-30,1147.75,1142.35,748.037,742.075,1042.698,1033.287
2015-10-29,1159.0,1148.6,759.278,751.087,1057.337,1048.136
2015-10-28,1171.5,1179.6,765.937,769.622,1058.983,1065.198
2015-10-27,1165.75,1165.7,759.52,762.144,1054.548,1055.696
2015-10-26,1168.5,1166.4,761.958,759.202,1058.856,1056.235
2015-10-23,1171.55,1161.25,760.697,756.761,1052.842,1053.957
2015-10-22,1166.45,1167.0,753.935,757.3,1031.298,1044.95
2015-10-21,1174.4,1167.1,759.884,755.698,1035.078,1028.237
2015-10-20,1173.7,1177.75,757.861,760.796,1032.868,1037.757
2015-10-19,1171.65,1175.4,757.859,759.302,1032.928,1037.927
2015-10-16,1176.35,1180.85,761.318,764.008,1035.337,1038.521
2015-10-15,1183.35,1184.25,764.166,766.952,1034.08,1040.413
2015-10-14,1173.7,1173.9,764.775,761.407,1028.524,1027.978
2015-10-13,1154.4,1165.2,757.157,765.773,1014.946,1024.352
2015-10-12,1164.2,1164.9,758.14,758.695,1021.542,1024.493
2015-10-09,1151.5,1151.55,749.016,751.444,1016.418,1014.269
2015-10-08,1143.3,1140.0,745.306,746.171,1011.591,1013.829
2015-10-07,1147.9,1144.6,750.433,747.811,1021.445,1018.418
2015-10-06,1136.9,1147.5,749.193,755.133,1014.546,1022.955
2015-10-05,1134.35,1139.75,746.283,751.219,1006.432,1016.273
2015-10-02,1106.3,1140.75,730.207,750.123,990.864,1009.469
2015-10-01,1114.2,1119.0,735.688,737.203,998.656,999.196
2015-09-30,1122.5,1114.0,739.119,734.538,1000.802,996.021
2015-09-29,1124.6,1132.1,741.356,746.99,1001.157,1007.924
2015-09-28,1137.5,1131.05,747.225,744.822,1016.26,1012.442
2015-09-25,1145.5,1146.65,752.183,754.996,1027.631,1025.764
2015-09-24,1134.45,1154.5,742.733,756.751,1012.314,1025.63
2015-09-23,1124.6,1131.35,734.769,741.918,1010.967,1011.579
2015-09-22,1129.3,1122.9,729.663,729.724,1009.114,1007.627
2015-09-21,1136.85,1133.25,732.861,730.257,1007.265,1007.602
2015-09-18,1136.0,1141.5,726.25,730.887,992.313,1000.57
2015-09-17,1118.15,1117.5,720.643,718.834,987.46,987.147
2015-09-16,1109.75,1117.6,719.822,722.664,987.542,990.736
2015-09-15,1105.5,1105.95,716.485,719.036,977.108,978.068
2015-09-14,1108.0,1104.8,716.966,717.775,977.978,976.446
2015-09-11,1106.35,1100.25,716.873,712.92,980.85,974.147
2015-09-10,1107.75,1109.5,720.324,719.613,989.725,989.124
2015-09-09,1122.3,1109.85,730.379,721.76,1002.501,996.006
2015-09-08,1120.85,1121.15,728.274,729.464,1003.492,1003.176
2015-09-07,1121.0,1119.5,734.745,732.897,1004.03,1003.451
2015-09-04,1125.0,1118.25,737.947,735.836,1009.874,1005.937
2015-09-03,1130.05,1128.0,739.634,739.236,1005.875,1013.705
2015-09-02,1140.0,1137.75,746.464,743.725,1010.728,1012.233
2015-09-01,1141.9,1142.3,744.103,744.485,1012.233,1013.351
2015-08-28,1125.5,1135.0,730.987,738.62,998.226,1010.551
2015-08-27,1128.5,1119.0,728.911,725.869,999.38,993.96
2015-08-26,1134.4,1120.75,724.625,719.49,990.051,984.712
2015-08-25,1154.25,1137.5,730.561,722.314,999.351,992.107
2015-08-24,1153.5,1166.5,734.339,739.625,1005.93,999.957
2015-08-21,1149.35,1156.5,732.747,737.07,1021.327,1023.768
2015-08-20,1137.95,1147.7,728.544,733.003,1019.806,1027.714
2015-08-19,1123.2,1126.15,716.898,719.493,1017.714,1020.618
2015-08-18,1119.15,1111.45,714.131,708.336,1011.295,1006.794
2015-08-17,1117.3,1118.8,714.341,716.124,1006.169,1009.383
2015-08-14,1116.75,1118.25,715.292,714.948,1002.109,1003.59
2015-08-13,1117.35,1116.75,715.562,716.646,1005.535,1004.543
2015-08-12,1116.8,1119.0,717.185,716.71,1003.234,1000.85
2015-08-11,1113.25,1108.25,713.736,711.146,1008.973,1001.536
2015-08-10,1094.8,1097.0,707.738,706.511,998.495,999.863
2015-08-07,1091.35,1093.5,703.008,708.271,998.993,1005.471
2015-08-06,1085.0,1089.75,694.556,702.249,996.053,998.397
2015-08-05,1086.5,1085.1,697.816,694.864,1000.184,997.793
2015-08-04,1092.6,1090.65,701.104,698.664,996.625,994.393
2015-08-03,1093.0,1091.9,699.99,699.376,995.9,995.396
2015-07-31,1080.05,1098.4,694.186,701.606,985.447,990.174
2015-07-30,1085.65,1087.5,695.395,696.067,989.744,994.786
2015-07-29,1096.75,1090.25,701.651,695.357,991.009,988.082
2015-07-28,1095.6,1096.2,702.128,702.197,990.06,991.857
2015-07-27,1098.6,1100.0,708.386,706.532,992.412,990.589
2015-07-24,1083.75,1080.8,699.893,697.425,990.042,985.772
2015-07-23,1101.65,1097.4,705.914,705.247,1003.69,998.135
2015-07-22,1096.8,1088.6,702.379,696.637,1002.468,999.495
2015-07-21,1108.0,1105.6,711.465,710.677,1021.151,1014.358
2015-07-20,1115.0,1104.6,717.411,709.806,1029.167,1018.299
2015-07-17,1143.0,1132.8,730.678,727.6,1049.25,1044.296
2015-07-16,1145.1,1144.4,732.794,732.815,1050.117,1048.658
2015-07-15,1154.75,1147.4,739.087,735.961,1047.582,1047.041
2015-07-14,1153.2,1157.4,745.274,743.019,1046.888,1048.75
2015-07-13,1154.95,1154.0,741.589,742.648,1043.127,1044.297
2015-07-10,1162.4,1159.3,750.299,746.803,1041.204,1036.153
2015-07-09,1162.1,1164.25,755.371,755.54,1053.963,1052.239
2015-07-08,1154.25,1158.5,749.464,754.134,1045.611,1050.365
2015-07-07,1166.25,1156.25,752.104,748.867,1063.224,1056.225
2015-07-06,1164.25,1166.0,748.425,749.189,1053.429,1055.729
2015-07-03,1168.25,1167.95,747.441,748.206,1051.104,1052.207
2015-07-02,1164.3,1165.25,745.701,745.927,1051.239,1050.295
2015-07-01,1171.7,1168.0,748.379,747.305,1053.261,1055.152
2015-06-30,1175.0,1171.0,747.075,743.516,1053.009,1046.19
2015-06-29,1176.5,1176.0,749.101,747.806,1060.818,1056.651
2015-06-26,1174.4,1170.5,745.888,743.67,1048.384,1045.836
2015-06-25,1174.6,1172.65,748.797,744.682,1052.509,1048.319
2015-06-24,1175.75,1173.75,744.711,745.641,1048.934,1049.256
2015-06-23,1183.35,1178.0,749.169,748.435,1052.241,1055.603
2015-06-22,1193.7,1185.5,752.53,748.611,1052.135,1043.161
2015-06-19,1198.15,1203.4,755.645,757.427,1058.857,1060.732
2015-06-18,1198.0,1201.85,752.418,756.19,1050.647,1054.301
2015-06-17,1178.5,1178.0,748.92,748.816,1045.65,1045.67
2015-06-16,1182.1,1177.75,759.363,752.845,1050.056,1046.842
2015-06-15,1178.25,1181.4,760.014,760.721,1049.572,1051.208
2015-06-12,1179.25,1182.8,761.273,763.442,1055.682,1053.86
2015-06-11,1180.5,1178.5,763.509,760.568,1049.193,1049.842
2015-06-10,1186.0,1188.5,767.861,765.367,1049.186,1049.865
2015-06-09,1181.0,1177.4,772.4,768.839,1046.754,1046.345
2015-06-08,1173.4,1172.8,769.846,767.564,1053.321,1047.564
2015-06-05,1175.9,1164.6,767.819,765.001,1044.251,1050.277
2015-06-04,1182.45,1176.0,766.555,764.629,1041.76,1042.137
2015-06-03,1186.6,1190.0,777.601,776.762,1067.23,1059.331
2015-06-02,1188.75,1192.8,779.905,778.361,1083.168,1070.952
2015-06-01,1187.3,1199.9,780.4,788.034,1088.293,1097.628
2015-05-29,1190.4,1191.4,778.243,778.896,1083.857,1082.648
2015-05-28,1189.45,1185.0,775.935,775.65,1087.075,1087.805
2015-05-27,1187.85,1185.85,770.643,773.359,1088.074,1092.144
2015-05-26,1194.0,1185.4,774.771,771.042,1095.564,1087.298
2015-05-22,1211.0,1204.1,772.962,776.275,1083.451,1092.6
2015-05-21,1209.6,1205.0,772.599,768.752,1084.357,1082.392
2015-05-20,1206.75,1210.5,777.57,777.731,1085.329,1090.197
2015-05-19,1219.65,1214.3,785.313,782.536,1090.239,1088.595
2015-05-18,1228.15,1223.5,784.122,780.841,1079.408,1078.544
2015-05-15,1216.3,1220.5,772.953,774.589,1071.229,1073.557
2015-05-14,1214.75,1225.0,768.914,775.955,1063.588,1074.844
2015-05-13,1193.0,1210.5,761.546,770.81,1062.428,1068.049
2015-05-12,1184.45,1191.5,755.485,761.099,1051.069,1058.899
2015-05-11,1184.75,1189.25,768.37,764.484,1062.199,1065.947
2015-05-08,1185.25,1186.0,767.463,769.568,1054.258,1056.194
2015-05-07,1183.0,1187.0,776.935,781.808,1039.84,1053.239
2015-05-06,1191.25,1194.25,785.22,782.909,1063.14,1053.92
2015-05-05,1187.4,1197.0,785.59,789.461,1070.936,1075.834
2015-05-01,1179.0,1175.95,771.04,773.74,1049.24,1044.41
2015-04-30,1204.3,1180.25,779.73,768.42,1075.99,1059.71
2015-04-29,1204.8,1209.0,783.99,784.21,1095.45,1091.8
2015-04-28,1201.4,1209.0,788.17,789.19,1100.56,1103.15
2015-04-27,1182.75,1200.0,780.85,791.0,1090.52,1103.93
2015-04-24,1192.15,1183.0,788.04,782.29,1097.49,1093.95
2015-04-23,1187.75,1185.75,792.31,790.0,1107.92,1101.77
2015-04-22,1202.4,1189.25,799.19,791.51,1113.44,1108.86
2015-04-21,1197.7,1195.3,804.58,802.79,1120.26,1118.2
2015-04-20,1203.25,1196.5,806.31,803.05,1120.34,1114.42
2015-04-17,1204.55,1203.35,801.86,802.26,1113.83,1116.28
2015-04-16,1204.6,1204.35,811.4,807.99,1131.19,1123.07
2015-04-15,1189.85,1192.9,808.58,806.65,1123.56,1120.99
2015-04-14,1191.45,1194.75,814.33,808.14,1127.95,1118.97
2015-04-13,1197.85,1198.9,820.54,818.64,1136.72,1132.53
2015-04-10,1201.9,1207.35,820.58,824.41,1133.49,1137.8
2015-04-09,1196.0,1194.8,808.49,808.8,1113.33,1114.34
2015-04-08,1211.1,1207.25,811.4,806.99,1113.66,1112.95
2015-04-07,1208.5,1211.0,813.63,813.02,1113.82,1114.38
2015-04-02,1201.5,1198.5,811.11,808.75,1110.91,1102.68
2015-04-01,1181.25,1197.0,800.36,809.55,1099.5,1112.97
2015-03-31,1179.25,1187.0,797.95,802.79,1098.84,1106.22
2015-03-30,1187.4,1185.5,800.36,802.26,1095.01,1095.1
2015-03-27,1198.0,1195.75,805.324,802.086,1106.7,1099.14
2015-03-26,1209.4,1203.15,809.234,810.912,1097.26,1100.68
2015-03-25,1192.55,1195.6,801.176,803.333,1088.89,1090.48
2015-03-24,1193.25,1191.5,798.962,801.008,1085.56,1091.72
2015-03-23,1181.4,1186.25,791.77,794.328,1086.15,1085.61
2015-03-20,1171.75,1183.1,794.73,795.335,1096.17,1096.96
2015-03-19,1164.0,1166.0,781.103,789.812,1091.523,1094.425
2015-03-18,1149.0,1147.25,782.911,782.785,1080.497,1081.291
2015-03-17,1154.75,1150.75,781.504,780.222,1087.54,1084.335
2015-03-16,1157.0,1150.75,782.127,778.849,1097.671,1088.9
2015-03-13,1156.5,1152.0,779.575,782.343,1091.244,1096.099
2015-03-12,1161.25,1152.25,774.476,771.148,1094.899,1083.706
2015-03-11,1158.75,1150.0,769.422,770.261,1096.056,1088.397
2015-03-10,1161.0,1162.0,770.405,770.608,1079.398,1081.937
2015-03-09,1173.75,1168.5,776.855,773.79,1077.972,1077.107
2015-03-06,1196.5,1175.75,787.845,779.83,1090.602,1082.942
2015-03-05,1199.75,1202.0,786.463,788.61,1086.041,1088.965
2015-03-04,1204.25,1199.5,785.193,784.346,1082.667,1082.288
2015-03-03,1207.75,1212.75,786.142,787.909,1081.196,1083.296
2015-03-02,1216.75,1212.5,789.482,788.413,1084.931,1081.334
2015-02-27,1205.0,1214.0,782.773,787.545,1073.592,1085.479
2015-02-26,1220.0,1208.25,785.576,783.865,1073.66,1076.392
2015-02-25,1206.5,1204.75,777.986,777.659,1062.06,1061.267
2015-02-24,1195.5,1192.5,774.589,773.597,1057.965,1054.47
2015-02-23,1193.5,1204.5,777.119,780.622,1055.168,1062.732
2015-02-20,1203.5,1208.25,782.51,786.877,1061.381,1069.721
2015-02-19,1217.75,1209.5,788.596,783.913,1068.295,1062.549
2015-02-18,1206.5,1206.0,781.766,781.848,1059.356,1062.321
2015-02-17,1221.75,1209.5,793.86,788.41,1072.557,1060.779
2015-02-16,1233.5,1229.25,801.911,798.993,1081.117,1077.344
2015-02-13,1225.75,1232.5,795.838,799.909,1073.101,1079.531
2015-02-12,1225.25,1222.5,803.127,796.106,1080.753,1074.159
2015-02-11,1235.5,1223.75,807.728,802.143,1092.396,1082.956
2015-02-10,1237.5,1234.5,812.968,810.039,1096.783,1091.078
2015-02-09,1242.25,1238.5,816.196,813.358,1096.184,1092.152
2015-02-06,1264.0,1241.0,824.742,812.971,1103.641,1094.646
2015-02-05,1263.75,1259.25,828.797,823.254,1106.708,1101.61
2015-02-04,1269.25,1268.5,835.308,833.169,1108.08,1111.354
2015-02-03,1281.0,1264.25,851.842,837.085,1128.933,1104.92
2015-02-02,1274.25,1272.5,847.917,844.225,1122.687,1120.553
2015-01-30,1263.5,1260.25,837.42,838.155,1114.984,1114.378
2015-01-29,1275.5,1268.75,842.248,839.398,1129.361,1119.025
2015-01-28,1287.0,1288.0,846.711,848.82,1131.926,1138.614
2015-01-27,1279.0,1288.5,848.481,848.926,1132.961,1133.644
2015-01-26,1282.75,1281.25,854.597,850.99,1141.541,1136.263
2015-01-23,1293.5,1294.75,863.485,862.132,1150.289,1148.957
2015-01-22,1287.0,1295.75,848.441,857.261,1107.955,1130.179
2015-01-21,1298.0,1293.5,859.318,855.546,1121.673,1110.11
2015-01-20,1292.25,1288.75,852.351,848.923,1113.625,1112.142
2015-01-19,1275.5,1273.75,841.414,839.872,1099.853,1096.076
2015-01-16,1258.25,1277.5,826.763,843.847,1082.366,1107.211
2015-01-15,1235.25,1259.0,811.757,827.963,1055.408,1082.173
2015-01-14,1228.75,1235.0,808.761,812.126,1044.989,1049.01
2015-01-13,1239.0,1231.5,820.965,812.71,1049.911,1047.283
2015-01-12,1222.0,1226.5,808.094,808.504,1035.769,1035.72
2015-01-09,1211.25,1217.75,799.611,803.902,1025.093,1030.769
2015-01-05,1192.0,1200.0,779.901,788.022,998.911,1005.53
2015-01-02,1184.25,1172.0,766.406,760.792,983.351,974.879
2014-12-30,1186.5,1206.0,764.497,775.214,976.543,990.229
2014-12-29,1194.0,1185.5,766.859,763.263,978.288,972.678
2014-12-23,1179.5,1175.75,757.498,758.793,964.116,966.185
2014-12-22,1195.25,1195.25,765.009,765.303,975.078,974.839
2014-12-19,1197.5,1195.5,764.882,764.386,975.799,973.693
2014-12-18,1210.75,1199.0,773.642,765.694,982.034,976.384
2014-12-17,1199.0,1195.75,763.16,761.43,962.357,960.442
2014-12-16,1199.25,1202.5,763.951,762.959,960.245,959.697
2014-12-15,1210.75,1209.25,772.408,772.437,974.525,971.988
2014-12-12,1223.5,1217.0,779.15,774.173,984.312,978.06
2014-12-11,1219.5,1216.25,778.239,775.868,980.936,981.638
2014-12-10,1228.25,1229.0,783.823,783.202,991.884,990.091
2014-12-09,1206.5,1227.0,770.976,782.625,975.975,987.525
2014-12-08,1195.25,1193.0,766.727,763.716,975.475,971.577
2014-12-05,1204.5,1194.0,768.372,766.17,974.278,971.047
2014-12-04,1204.0,1209.0,767.417,771.489,977.59,975.944
2014-12-03,1203.25,1204.75,768.948,768.042,975.239,978.755
2014-12-02,1197.0,1195.0,761.596,763.822,962.683,963.399
2014-12-01,1178.75,1194.0,750.557,758.48,945.458,956.271
2014-11-28,1184.5,1182.75,753.978,754.497,950.795,948.4
2014-11-26,1195.75,1197.5,760.22,758.295,960.673,957.081
2014-11-25,1202.25,1199.0,767.035,763.208,966.594,961.353
2014-11-24,1196.0,1197.5,764.51,763.322,964.672,963.705
2014-11-21,1193.25,1203.75,761.536,768.482,958.588,968.579
2014-11-20,1194.0,1190.0,762.647,757.383,953.598,949.493
2014-11-19,1200.75,1196.0,766.078,763.729,957.612,953.596
2014-11-18,1202.0,1192.75,767.806,762.384,959.681,953.666
2014-11-17,1187.0,1182.5,759.486,756.51,950.36,949.037
2014-11-14,1154.0,1169.0,736.204,747.538,926.312,938.278
2014-11-13,1161.0,1161.75,736.255,737.806,930.811,931.561
2014-11-12,1163.25,1164.5,731.834,736.513,934.412,934.666
2014-11-10,1172.0,1162.0,737.246,732.199,938.2,934.685
2014-11-07,1145.0,1154.5,723.173,728.759,923.387,928.801
2014-11-06,1144.5,1145.0,717.105,719.221,914.941,920.714
2014-11-05,1145.25,1142.0,720.963,715.539,917.301,914.991
2014-11-04,1169.25,1166.5,730.553,728.744,933.906,931.635
2014-11-03,1170.75,1167.75,731.902,730.986,936.9,935.397
2014-10-31,1173.25,1164.25,733.465,729.206,933.447,931.325
2014-10-30,1205.75,1202.0,753.594,750.406,958.085,952.456
2014-10-29,1228.0,1223.5,761.645,757.632,963.666,959.006
2014-10-28,1228.25,1229.25,762.225,760.58,967.583,964.572
2014-10-27,1230.5,1228.75,764.286,761.543,970.579,966.835
2014-10-24,1231.75,1232.75,767.972,765.826,973.715,971.128
2014-10-23,1240.5,1232.75,775.313,769.891,979.935,975.2
2014-10-22,1246.75,1243.75,777.663,775.405,982.08,982.037
2014-10-21,1251.75,1250.25,774.167,774.34,978.847,982.283
2014-10-20,1241.0,1244.5,769.708,771.161,972.647,974.321
2014-10-17,1238.0,1234.25,769.613,768.237,966.885,967.053
2014-10-16,1241.0,1237.75,775.867,773.545,969.38,971.851
2014-10-15,1223.5,1237.5,768.627,774.599,967.576,969.752
2014-10-14,1233.0,1234.75,772.411,775.402,974.549,974.854
2014-10-10,1222.25,1219.0,761.005,760.402,964.376,964.78
2014-10-09,1227.5,1226.75,757.669,758.142,961.991,964.957
2014-10-08,1220.0,1217.0,758.376,756.37,963.513,959.401
2014-10-07,1207.5,1210.5,751.494,751.397,957.27,957.901
2014-10-06,1193.25,1195.75,746.668,747.11,951.555,951.879
2014-10-03,1207.5,1195.0,751.026,748.278,956.057,955.159
2014-10-02,1214.5,1211.75,750.943,751.939,960.991,959.574
2014-10-01,1208.5,1216.5,746.172,749.353,958.747,963.259
2014-09-30,1210.0,1216.5,746.545,750.139,959.937,964.405
2014-09-29,1217.75,1219.5,750.539,750.646,960.674,959.783
2014-09-26,1222.25,1213.75,749.111,746.097,958.703,955.709
2014-09-25,1210.5,1213.75,742.046,743.036,950.605,953.382
2014-09-24,1224.0,1217.25,746.114,744.313,952.826,952.465
2014-09-23,1225.0,1222.0,748.092,746.26,951.013,948.758
2014-09-22,1214.0,1213.5,743.508,742.293,944.747,945.314
2014-09-19,1222.5,1219.75,745.381,746.344,949.22,948.853
2014-09-18,1223.0,1220.5,749.985,744.571,949.608,946.491
2014-09-17,1236.5,1236.0,758.729,756.519,954.237,953.704
2014-09-16,1238.75,1232.25,765.7,760.132,956.933,951.838
2014-09-15,1234.75,1234.25,759.426,759.725,955.615,953.162
2014-09-12,1237.25,1231.5,760.87,758.733,957.105,951.847
2014-09-11,1247.0,1241.25,767.526,764.787,964.2,959.754
2014-09-10,1254.25,1251.0,779.909,774.517,968.458,967.967
2014-09-09,1256.0,1255.75,779.785,780.066,974.777,974.507
2014-09-08,1267.25,1259.0,786.574,778.988,978.874,972.651
2014-09-05,1264.0,1266.0,774.795,775.213,975.685,975.873
2014-09-04,1271.0,1271.5,772.363,774.078,966.687,977.475
2014-09-03,1268.5,1265.5,769.394,768.647,965.667,962.723
2014-09-02,1277.75,1267.0,773.269,767.228,974.415,965.701
2014-08-29,1285.75,1285.75,774.548,775.015,975.827,975.531
2014-08-28,1288.0,1292.0,776.278,779.252,975.536,980.943
2014-08-27,1285.0,1282.75,775.404,773.393,974.962,973.477
2014-08-26,1286.5,1286.0,775.794,775.54,974.769,974.39
2014-08-22,1281.0,1277.25,772.292,770.681,965.117,964.181
2014-08-21,1280.5,1275.25,772.316,768.686,965.031,960.785
2014-08-20,1294.5,1295.0,777.758,777.684,973.748,974.564
2014-08-19,1300.25,1296.5,781.166,779.85,973.751,972.983
2014-08-18,1302.75,1296.75,778.505,775.383,972.928,969.895
2014-08-15,1313.6,1296.0,786.775,776.28,981.69,967.959
2014-08-14,1315.0,1313.5,787.85,787.281,981.856,980.078
2014-08-13,1309.25,1312.0,780.71,785.065,980.418,980.055
2014-08-12,1311.0,1315.75,781.753,783.371,982.759,985.138
2014-08-11,1308.25,1307.25,779.37,778.867,977.327,976.653
2014-08-08,1317.5,1309.75,784.226,780.077,984.017,977.352
2014-08-07,1302.0,1305.25,772.976,775.55,973.531,978.228
2014-08-06,1288.5,1306.5,765.233,776.2,964.266,978.359
2014-08-05,1292.75,1284.75,765.711,762.418,965.027,960.704
2014-08-04,1293.5,1290.5,768.934,766.376,963.573,961.624
2014-08-01,1284.5,1291.25,762.994,766.958,959.155,962.614
2014-07-31,1295.0,1285.25,767.362,761.494,966.923,960.145
2014-07-30,1297.5,1294.5,766.21,765.75,968.428,967.633
2014-07-29,1307.5,1299.25,770.387,766.926,972.842,968.65
2014-07-28,1305.0,1304.5,768.551,767.669,971.199,970.827
2014-07-25,1292.5,1294.75,761.638,761.931,961.181,963.499
2014-07-24,1300.0,1292.75,763.762,761.337,964.678,959.725
2014-07-23,1307.5,1308.0,767.537,767.29,971.036,970.975
2014-07-22,1307.0,1310.25,765.76,768.115,969.441,973.078
2014-07-21,1312.75,1311.5,768.724,768.757,970.754,970.188
2014-07-18,1310.25,1307.25,765.78,766.446,968.404,967.187
2014-07-17,1302.75,1302.5,761.352,761.562,962.647,962.96
2014-07-16,1297.5,1301.0,757.399,758.866,958.13,961.496
2014-07-15,1312.0,1310.0,765.506,762.559,965.203,963.094
2014-07-14,1321.25,1306.0,771.533,764.727,969.867,958.814
2014-07-11,1336.5,1335.0,779.391,779.926,981.782,981.113
2014-07-10,1343.25,1340.25,784.609,782.719,985.221,985.695
2014-07-09,1322.5,1322.75,773.075,772.499,971.712,971.039
2014-07-08,1318.25,1323.0,770.726,772.871,969.23,972.008
2014-07-07,1313.25,1313.0,765.967,766.939,965.838,965.654
2014-07-03,1322.5,1317.5,771.272,768.356,968.581,968.038
2014-07-02,1326.75,1326.5,772.804,773.199,970.982,971.439
2014-07-01,1325.75,1327.5,773.393,773.737,968.478,969.473
2014-06-30,1313.0,1315.0,771.536,771.171,961.623,962.665
2014-06-27,1315.25,1317.5,772.45,774.499,966.314,966.192
2014-06-26,1311.5,1311.75,770.564,771.3,962.993,965.445
2014-06-25,1312.0,1316.75,773.22,774.696,964.422,965.501
2014-06-24,1323.0,1318.5,778.51,776.41,971.437,968.702
2014-06-23,1313.5,1313.5,771.512,772.284,967.018,966.804
2014-06-20,1310.0,1312.5,768.419,771.152,962.598,966.353
2014-06-19,1282.0,1293.0,753.143,758.758,940.227,948.225
2014-06-18,1269.0,1269.75,748.805,748.982,935.703,935.29
2014-06-17,1264.5,1267.5,745.446,747.303,932.178,935.977
2014-06-16,1281.75,1276.25,755.348,751.266,947.339,941.187
2014-06-13,1273.0,1273.0,750.059,750.811,938.168,940.038
2014-06-12,1261.75,1265.75,749.658,752.169,932.902,934.823
2014-06-11,1262.5,1262.0,751.757,752.041,932.629,932.122
2014-06-10,1253.5,1259.5,746.22,751.268,924.615,929.658
2014-06-09,1255.0,1253.5,746.668,746.709,920.695,922.505
2014-06-06,1254.0,1247.5,745.896,743.356,919.962,915.529
2014-06-05,1244.75,1252.5,742.691,746.513,914.45,922.312
2014-06-04,1246.0,1245.25,744.725,743.655,915.84,914.751
2014-06-03,1244.25,1242.75,742.26,741.852,914.419,911.508
2014-06-02,1244.75,1247.25,743.489,744.36,915.257,916.287
2014-05-30,1254.0,1250.5,749.328,746.745,921.043,918.27
2014-05-29,1254.0,1255.0,749.821,750.823,921.043,922.794
2014-05-28,1265.25,1263.5,754.517,756.134,928.828,929.044
2014-05-27,1283.0,1275.5,762.873,758.504,940.478,935.323
2014-05-23,1292.0,1291.5,767.175,767.015,948.605,947.403
2014-05-22,1294.5,1298.5,767.02,769.938,945.926,950.725
2014-05-21,1292.0,1287.25,764.814,762.499,942.653,942.281
2014-05-20,1291.5,1295.5,767.562,769.436,943.458,945.551
2014-05-19,1301.0,1302.0,773.852,773.619,948.666,949.256
2014-05-16,1293.75,1291.5,769.723,767.152,943.173,941.944
2014-05-15,1303.75,1299.0,777.847,774.136,953.731,949.978
2014-05-14,1300.25,1305.25,775.204,777.861,948.326,951.903
2014-05-13,1292.75,1296.5,766.665,769.665,939.908,944.489
2014-05-12,1292.75,1298.75,765.077,768.946,938.953,943.379
2014-05-09,1289.0,1291.25,762.541,765.775,933.246,936.639
2014-05-08,1291.25,1287.0,761.126,758.71,926.026,928.437
2014-05-07,1311.0,1296.0,772.54,764.106,942.081,931.168
2014-05-06,1308.5,1306.25,772.204,768.789,939.609,937.388
2014-05-02,1285.0,1281.25,761.031,760.973,927.262,927.098
2014-05-01,1283.0,1278.5,759.037,757.181,924.152,921.774
2014-04-30,1292.0,1288.5,768.316,764.416,934.674,929.788
2014-04-29,1289.75,1297.75,767.069,771.139,930.019,938.902
2014-04-28,1302.0,1299.0,772.792,771.698,938.446,936.824
2014-04-25,1294.25,1301.25,769.379,773.771,934.882,939.938
2014-04-24,1283.5,1291.5,764.261,768.979,928.525,934.786
2014-04-23,1283.5,1285.25,763.761,765.303,927.384,928.917
2014-04-22,1290.75,1286.75,767.344,764.603,935.191,931.483
2014-04-17,1299.25,1299.0,771.893,772.8,937.477,938.855
2014-04-16,1299.0,1301.5,773.03,774.933,938.584,941.615
2014-04-15,1311.5,1298.0,784.062,775.249,950.431,939.422
2014-04-14,1324.5,1325.75,792.212,792.249,958.047,958.882
2014-04-11,1317.25,1318.0,785.714,787.759,948.617,949.568
2014-04-10,1321.5,1320.5,787.732,787.512,953.188,952.329
2014-04-09,1309.75,1301.75,782.735,776.932,949.92,942.478
2014-04-08,1314.75,1309.5,786.898,782.024,955.14,949.119
2014-04-07,1299.0,1299.0,783.758,781.777,946.931,945.14
2014-04-04,1293.5,1297.25,780.016,782.513,943.747,946.829
2014-04-03,1287.25,1284.0,775.125,774.427,935.094,936.27
2014-04-02,1284.0,1292.0,771.264,776.489,930.907,937.795
2014-04-01,1286.5,1283.75,772.673,771.299,932.449,930.388
2014-03-31,1294.0,1291.75,777.784,776.432,939.861,936.594
2014-03-28,1295.75,1294.75,779.68,777.768,944.149,941.431
2014-03-27,1295.0,1296.0,779.135,778.94,942.092,941.655
2014-03-26,1314.5,1304.0,794.98,787.249,952.743,945.339
2014-03-25,1314.75,1313.5,796.866,794.808,951.821,952.226
2014-03-24,1322.0,1310.75,801.941,795.503,960.337,951.474
2014-03-21,1338.5,1336.0,810.573,809.795,970.209,967.695
2014-03-20,1327.0,1327.0,802.783,804.633,962.641,963.619
2014-03-19,1346.0,1338.0,809.721,804.957,967.162,962.036
2014-03-18,1362.5,1355.75,820.487,819.036,979.37,975.921
2014-03-17,1379.0,1378.5,829.125,828.027,992.372,989.591
2014-03-14,1370.0,1385.0,824.407,833.634,986.463,995.186
2014-03-13,1371.0,1368.75,821.696,820.495,982.303,982.309
2014-03-12,1355.75,1366.0,817.012,822.446,977.469,983.654
2014-03-11,1348.0,1346.25,810.437,809.482,973.566,970.83
2014-03-10,1334.25,1344.0,800.87,807.644,961.552,969.068
2014-03-07,1348.25,1335.25,805.166,797.879,971.222,962.55
2014-03-06,1334.25,1345.25,797.996,804.335,971.565,971.791
2014-03-05,1333.5,1337.0,799.844,799.402,971.939,974.064
2014-03-04,1339.5,1334.75,802.865,800.066,973.899,970.445
2014-03-03,1344.25,1349.5,803.497,807.455,975.579,980.1
2014-02-28,1327.75,1326.5,793.207,793.931,961.65,961.58
2014-02-27,1331.0,1332.25,799.88,799.142,974.806,973.44
2014-02-26,1340.0,1331.75,803.117,799.898,975.326,973.644
2014-02-25,1332.75,1339.0,798.532,801.029,969.484,973.252
2014-02-24,1333.0,1334.75,800.456,804.696,968.539,973.63
2014-02-21,1320.75,1323.25,792.196,791.607,963.629,961.944
2014-02-20,1313.75,1316.25,788.897,789.261,959.222,959.296
2014-02-19,1318.75,1320.5,791.139,791.619,959.091,960.084
2014-02-18,1314.0,1320.75,787.439,790.348,957.586,959.987
2014-02-14,1308.5,1320.0,783.205,789.663,955.598,964.348
2014-02-13,1290.25,1296.0,774.925,779.268,943.648,948.27
2014-02-12,1286.5,1289.5,778.47,778.731,942.836,950.188
2014-02-11,1282.75,1282.0,780.832,779.758,938.094,939.469
2014-02-10,1273.5,1277.0,776.951,779.086,933.856,936.835
2014-02-07,1260.0,1259.25,771.161,768.21,928.724,926.6
2014-02-06,1258.5,1256.5,772.418,769.584,930.637,923.083
2014-02-05,1257.0,1254.5,772.303,770.388,930.353,928.571
2014-02-04,1253.0,1250.25,766.83,767.119,927.187,925.494
2014-02-03,1246.5,1262.0,762.385,771.535,922.582,933.915
2014-01-31,1246.5,1251.0,757.336,759.84,920.538,927.697
2014-01-30,1254.0,1242.5,761.893,752.529,922.194,914.881
2014-01-29,1254.75,1264.0,756.42,762.916,917.886,925.262
2014-01-28,1253.5,1251.25,757.036,754.538,919.123,916.197
2014-01-27,1270.0,1260.5,767.14,760.345,927.82,922.295
2014-01-24,1259.25,1267.0,757.398,768.205,920.437,925.899
2014-01-23,1244.25,1263.0,749.91,760.706,912.876,924.191
2014-01-22,1239.5,1241.0,749.667,749.125,915.571,915.192
2014-01-21,1247.75,1238.0,758.926,751.807,922.005,914.733
2014-01-17,1241.0,1250.0,754.683,760.526,912.634,920.946
2014-01-16,1237.25,1241.5,757.191,758.261,908.607,910.391
2014-01-15,1238.0,1236.0,753.913,757.214,908.557,909.961
2014-01-14,1248.75,1251.5,760.969,761.948,913.096,915.107
2014-01-13,1246.0,1248.0,757.861,762.557,911.885,914.152
2014-01-10,1232.25,1244.25,750.777,754.137,906.533,909.672
2014-01-09,1226.0,1226.0,744.972,744.972,900.61,903.464
2014-01-08,1226.5,1221.0,747.365,742.069,902.502,897.596
2014-01-07,1237.5,1227.5,754.435,748.887,907.924,901.182
2014-01-06,1238.0,1246.25,756.539,758.937,909.558,914.209
2014-01-03,1232.25,1234.5,748.451,752.56,903.012,907.52
2014-01-02,1219.75,1225.0,737.054,745.406,888.838,897.436
2013-12-30,1201.5,1204.5,729.287,730.443,873.755,873.142
2013-12-27,1209.25,1214.5,733.101,735.125,875.887,880.328
2013-12-23,1192.75,1199.0,729.466,733.692,871.957,875.31
2013-12-20,1195.0,1195.25,731.692,730.102,875.33,873.657
2013-12-19,1205.25,1196.0,736.345,731.185,881.16,874.973
2013-12-18,1233.25,1230.5,754.051,750.351,896.974,894.259
2013-12-17,1237.25,1231.75,759.422,758.747,898.707,896.274
2013-12-16,1229.5,1234.75,754.572,757.376,892.624,897.282
2013-12-13,1222.75,1232.0,750.89,756.943,891.217,897.501
2013-12-12,1243.5,1225.25,758.509,749.251,902.788,891.091
2013-12-11,1255.25,1260.75,765.49,769.313,912.047,914.316
2013-12-10,1245.75,1266.25,757.755,770.459,906.132,918.371
2013-12-09,1228.5,1237.0,749.954,755.005,895.604,901.275
2013-12-06,1230.75,1233.0,752.384,753.99,900.593,901.711
2013-12-05,1234.0,1222.5,754.786,748.301,907.687,894.752
2013-12-04,1213.0,1227.5,741.125,750.076,892.568,905.503
2013-12-03,1219.0,1217.25,743.066,741.954,898.504,896.091
2013-12-02,1237.5,1229.5,754.297,752.264,913.082,908.386
2013-11-29,1245.25,1253.0,763.068,767.252,915.288,921.053
2013-11-27,1250.75,1245.0,767.991,674.179,919.804,916.452
2013-11-26,1250.75,1247.5,773.692,770.823,923.881,921.685
2013-11-25,1231.75,1243.0,760.574,768.945,911.597,920.673
2013-11-22,1241.75,1246.25,766.749,768.958,918.59,920.829
2013-11-21,1248.5,1240.0,775.755,768.706,929.635,921.248
2013-11-20,1271.5,1257.0,787.112,777.317,939.694,928.978
2013-11-19,1272.25,1275.75,790.119,792.391,942.128,944.72
2013-11-18,1283.5,1283.5,797.007,796.216,950.037,948.142
2013-11-15,1281.75,1287.25,797.654,798.691,953.399,954.579
2013-11-14,1283.25,1286.0,801.53,799.552,955.226,955.494
2013-11-13,1276.0,1272.5,798.748,796.358,951.245,949.131
2013-11-12,1281.0,1281.25,807.031,803.745,956.898,952.39
2013-11-08,1309.0,1285.5,814.156,803.689,975.119,961.913
2013-11-07,1316.0,1307.25,818.459,815.655,973.445,978.481
2013-11-06,1317.0,1319.0,817.657,819.255,975.05,973.791
2013-11-05,1311.25,1307.25,817.08,815.553,971.296,971.5
2013-11-04,1314.25,1320.5,823.465,826.863,972.942,976.773
2013-11-01,1314.75,1306.75,821.667,819.639,971.729,967.748
2013-10-31,1333.75,1324.0,832.034,824.614,975.819,972.1
2013-10-30,1349.5,1354.75,840.234,843.555,980.813,984.056
2013-10-29,1346.75,1349.25,837.063,838.616,978.814,977.08
2013-10-28,1351.0,1361.0,833.693,842.047,978.277,987.162
2013-10-25,1341.75,1347.75,827.577,832.561,971.79,976.701
2013-10-24,1336.25,1344.75,825.763,832.611,968.789,974.598
2013-10-23,1333.0,1331.25,825.132,823.335,968.68,966.355
2013-10-22,1311.75,1333.0,813.236,822.383,959.513,968.398
2013-10-21,1316.0,1317.5,814.054,815.688,962.27,964.071
2013-10-18,1317.0,1316.5,813.164,814.458,962.086,962.354
2013-10-17,1308.5,1319.25,813.086,816.822,959.874,964.646
2013-10-16,1278.25,1273.5,797.71,796.934,944.752,941.311
2013-10-15,1255.5,1270.5,787.789,797.051,929.587,941.879
2013-10-11,1285.75,1265.5,804.298,793.268,947.145,933.535
2013-10-10,1298.0,1298.5,814.508,814.413,959.562,960.5
2013-10-09,1309.5,1304.0,819.77,818.376,968.279,965.211
2013-10-08,1321.0,1329.5,821.824,824.803,973.184,978.149
2013-10-07,1311.0,1323.5,816.263,823.277,965.106,975.601
2013-10-04,1316.0,1309.75,817.036,815.688,967.007,964.115
2013-10-03,1309.0,1316.0,806.631,813.953,961.581,966.652
2013-10-02,1293.75,1306.25,797.922,803.995,955.926,961.043
2013-10-01,1332.25,1290.75,819.846,796.12,983.138,953.498
2013-09-30,1335.75,1326.5,827.295,821.871,989.591,980.414
2013-09-27,1321.5,1341.0,822.033,831.525,978.454,988.938
2013-09-26,1332.5,1333.0,830.218,831.203,987.915,986.75
2013-09-25,1320.25,1322.75,825.363,822.708,977.673,979.525
2013-09-24,1316.5,1314.25,823.43,821.869,976.053,974.601
2013-09-23,1321.75,1323.0,824.342,824.967,978.712,981.308
2013-09-20,1355.25,1349.25,845.393,842.755,1002.181,997.671
2013-09-19,1363.5,1365.5,848.159,850.249,1005.902,1008.866
2013-09-18,1299.75,1301.0,813.972,814.755,973.158,974.532
2013-09-17,1317.25,1312.25,828.668,825.574,985.744,983.327
2013-09-16,1314.75,1324.0,825.174,830.511,984.831,990.573
2013-09-13,1308.25,1318.5,827.116,831.546,984.461,993.969
2013-09-12,1340.25,1328.0,847.455,839.656,1008.541,1000.075
2013-09-11,1365.25,1363.75,865.726,862.86,1028.979,1025.839
2013-09-10,1373.0,1358.25,874.3,864.082,1037.322,1024.321
2013-09-09,1386.0,1390.0,884.267,885.745,1050.557,1051.994
2013-09-06,1368.25,1387.0,877.871,886.885,1042.238,1052.911
2013-09-05,1391.75,1385.0,891.062,887.821,1054.596,1053.472
2013-09-04,1403.75,1390.0,899.667,890.626,1065.627,1055.028
2013-09-03,1391.25,1399.5,893.086,900.637,1056.057,1064.259
2013-08-30,1392.75,1394.75,899.187,901.292,1051.847,1055.749
2013-08-29,1406.25,1407.75,906.79,908.05,1059.961,1063.255
2013-08-28,1425.5,1419.5,919.915,914.98,1066.034,1066.251
2013-08-27,1411.0,1419.25,909.384,913.23,1057.8,1060.487
2013-08-23,1374.5,1377.5,880.3,885.738,1028.586,1030.6
2013-08-22,1370.5,1375.5,879.597,882.07,1027.284,1031.187
2013-08-21,1360.0,1363.0,867.292,868.928,1015.38,1018.532
2013-08-20,1365.75,1372.5,871.292,875.431,1020.282,1021.433
2013-08-19,1375.25,1365.0,878.473,872.539,1031.386,1022.702
2013-08-16,1360.75,1369.25,870.1,875.424,1020.588,1024.964
2013-08-15,1339.5,1329.75,859.37,855.64,1008.052,1005.862
2013-08-14,1323.25,1326.5,855.531,854.208,999.056,1000.679
2013-08-13,1334.0,1328.5,862.314,858.925,1002.405,1003.702
2013-08-12,1325.75,1341.0,856.594,866.895,997.404,1009.485
2013-08-09,1305.5,1309.0,839.442,843.156,975.491,979.79
2013-08-08,1287.75,1298.25,830.11,835.801,964.246,970.291
2013-08-07,1275.5,1282.5,838.042,827.366,960.612,963.489
2013-08-06,1292.0,1280.5,840.38,834.093,972.965,963.144
2013-08-05,1311.0,1304.75,852.905,851.442,986.827,985.386
2013-08-02,1285.75,1309.25,847.84,858.637,972.359,986.921
2013-08-01,1323.75,1315.0,870.258,867.357,999.207,993.202
2013-07-31,1331.5,1314.5,875.353,867.599,1002.787,992.3
2013-07-30,1322.25,1324.15,864.046,867.044,996.646,998.605
2013-07-29,1330.75,1329.75,864.179,866.851,1001.241,1003.585
2013-07-26,1327.75,1331.0,861.728,864.23,998.759,1001.505
2013-07-25,1312.0,1326.0,857.628,865.479,994.919,1002.798
2013-07-24,1340.0,1335.0,872.396,870.558,1012.314,1010.904
2013-07-23,1326.75,1333.5,864.839,869.069,1007.097,1011.377
2013-07-22,1313.75,1327.0,859.222,863.483,998.214,1004.998
2013-07-19,1286.0,1295.75,843.445,848.726,981.53,987.012
2013-07-18,1279.75,1283.25,841.996,843.577,975.791,980.628
2013-07-17,1284.25,1297.25,845.68,852.669,977.285,987.478
2013-07-16,1286.0,1291.5,853.238,856.148,983.03,985.126
2013-07-15,1281.25,1284.75,850.651,851.11,983.081,984.709
2013-07-12,1275.0,1279.75,842.697,846.9,976.787,982.006
2013-07-11,1280.75,1285.0,848.91,852.235,981.869,987.322
2013-07-10,1252.25,1256.0,840.775,842.105,977.023,978.498
2013-07-09,1252.0,1255.5,840.946,844.886,972.578,977.804
2013-07-08,1225.5,1235.25,822.704,827.361,954.216,959.716
2013-07-05,1232.75,1212.75,822.546,814.582,957.401,944.804
2013-07-03,1246.0,1250.0,818.283,818.491,962.162,963.02
2013-07-02,1260.75,1252.5,829.932,826.296,967.946,963.165
2013-07-01,1243.5,1242.75,816.266,816.095,952.801,953.834
2013-06-28,1203.25,1192.0,789.327,783.026,921.889,914.391
2013-06-27,1232.0,1232.75,806.072,808.944,945.51,947.322
2013-06-26,1229.0,1236.25,799.974,803.647,942.846,948.263
2013-06-25,1285.0,1279.0,831.877,828.69,979.421,977.829
2013-06-24,1283.25,1286.75,836.211,835.769,978.982,982.852
2013-06-21,1290.25,1295.25,833.333,839.872,976.279,984.457
2013-06-20,1303.25,1292.5,842.383,836.245,986.339,981.397
2013-06-19,1366.0,1372.75,874.912,877.101,1019.86,1024.899
2013-06-18,1378.5,1366.75,880.324,876.066,1030.346,1020.801
2013-06-17,1386.0,1384.75,881.792,879.765,1038.591,1037.966
2013-06-14,1379.75,1391.25,882.758,887.616,1035.537,1044.012
2013-06-13,1386.25,1385.0,885.33,883.629,1039.713,1040.962
2013-06-12,1377.25,1382.75,878.404,882.025,1036.774,1038.179
2013-06-11,1369.5,1374.25,880.934,880.252,1031.095,1034.048
2013-06-10,1376.75,1383.25,887.367,890.351,1041.887,1047.441
2013-06-07,1410.0,1386.0,905.53,894.078,1065.116,1049.92
2013-06-06,1399.5,1400.0,906.118,905.68,1066.692,1063.426
2013-06-05,1396.5,1404.0,909.417,914.182,1068.886,1072.902
2013-06-04,1405.25,1399.5,918.644,915.184,1074.679,1071.593
2013-06-03,1396.75,1402.5,915.002,917.927,1072.608,1078.597
2013-05-31,1410.25,1394.5,926.942,919.916,1085.977,1075.505
2013-05-30,1406.25,1413.5,926.75,931.773,1083.899,1084.638
2013-05-29,1384.5,1382.5,919.14,915.018,1074.005,1068.64
2013-05-28,1379.0,1376.5,913.427,912.375,1067.42,1067.385
2013-05-24,1385.25,1390.25,917.81,919.417,1068.948,1073.386
2013-05-23,1386.0,1380.5,919.159,916.058,1074.919,1069.492
2013-05-22,1385.25,1408.5,917.749,930.44,1071.429,1084.88
2013-05-21,1378.75,1360.75,908.387,899.55,1070.209,1058.208
2013-05-20,1353.75,1354.75,890.859,891.166,1051.947,1054.526
2013-05-17,1376.75,1368.75,903.616,901.502,1069.154,1068.001
2013-05-16,1377.0,1381.0,904.315,903.205,1070.013,1069.051
2013-05-15,1412.25,1410.0,926.673,925.197,1094.513,1095.571
2013-05-14,1436.5,1433.75,938.153,939.671,1103.472,1104.839
2013-05-13,1429.75,1430.75,931.191,932.328,1102.522,1102.188
2013-05-10,1449.25,1426.5,941.622,927.564,1114.122,1098.491
2013-05-09,1469.5,1465.5,944.591,944.996,1118.681,1118.617
2013-05-08,1454.0,1468.0,939.094,945.206,1108.739,1115.078
2013-05-07,1463.0,1444.25,941.744,931.113,1118.673,1101.892
2013-05-03,1476.5,1469.25,949.335,943.218,1124.952,1120.368
2013-05-02,1456.0,1469.25,935.072,945.463,1106.215,1122.765
2013-05-01,1469.5,1454.75,942.954,933.489,1113.595,1100.583
2013-04-30,1472.75,1469.0,950.039,946.704,1126.128,1116.601
2013-04-29,1472.5,1467.5,947.799,946.408,1125.506,1121.256
2013-04-26,1462.25,1471.5,947.79,950.766,1123.425,1130.705
2013-04-25,1446.5,1451.0,937.642,938.551,1107.072,1115.467
2013-04-24,1424.5,1428.5,932.631,935.188,1095.516,1099.946
2013-04-23,1417.25,1408.0,931.054,922.19,1091.704,1081.662
2013-04-22,1425.0,1424.5,935.039,934.221,1092.54,1092.743
2013-04-19,1414.0,1405.5,920.633,918.267,1080.462,1071.674
2013-04-18,1397.0,1393.75,917.088,912.737,1070.17,1068.335
2013-04-17,1379.0,1392.0,903.137,913.926,1046.124,1063.407
2013-04-16,1378.0,1380.0,900.477,901.313,1054.0,1050.868
2013-04-15,1416.0,1395.0,924.523,910.099,1083.314,1066.351
2013-04-12,1548.0,1535.5,1008.6,998.894,1186.298,1173.302
2013-04-11,1555.75,1565.0,1012.199,1018.151,1189.593,1194.839
2013-04-10,1581.5,1575.0,1032.243,1028.269,1207.16,1203.76
2013-04-09,1572.5,1577.25,1026.503,1030.68,1205.258,1208.621
2013-04-08,1577.25,1575.0,1029.604,1028.807,1212.803,1209.399
2013-04-05,1552.75,1568.0,1019.601,1023.699,1201.354,1204.949
2013-04-04,1545.25,1546.5,1025.654,1019.11,1207.415,1202.005
2013-04-03,1568.5,1574.75,1038.398,1039.713,1222.811,1224.819
2013-04-02,1597.75,1583.5,1051.636,1046.942,1244.644,1235.276
2013-03-28,1602.5,1598.25,1057.407,1053.56,1253.128,1245.907
2013-03-27,1591.0,1603.0,1052.388,1060.957,1243.746,1255.384
2013-03-26,1597.25,1598.0,1052.207,1054.09,1241.354,1241.84
2013-03-25,1602.25,1599.25,1053.696,1053.663,1232.974,1241.557
2013-03-22,1611.5,1607.75,1059.988,1056.826,1246.616,1238.541
2013-03-21,1608.75,1613.75,1059.434,1064.76,1246.417,1250.581
2013-03-20,1611.5,1607.5,1064.118,1060.286,1247.098,1241.313
2013-03-19,1602.5,1610.75,1059.784,1067.005,1238.408,1245.746
2013-03-18,1599.5,1603.75,1057.451,1060.751,1236.09,1238.13
2013-03-15,1593.25,1595.5,1051.234,1054.388,1219.386,1222.137
2013-03-14,1585.0,1586.0,1061.052,1056.277,1225.831,1223.388
2013-03-13,1591.5,1589.25,1062.417,1064.753,1221.975,1227.504
2013-03-12,1582.5,1594.0,1065.298,1072.678,1216.372,1222.393
2013-03-11,1577.5,1579.0,1058.37,1059.732,1213.275,1214.335
2013-03-08,1577.0,1581.75,1049.095,1058.948,1204.184,1218.23
2013-03-07,1580.5,1579.5,1054.018,1049.292,1213.249,1205.909
2013-03-06,1574.0,1574.0,1043.421,1045.5,1207.982,1210.583
2013-03-05,1584.25,1579.75,1044.331,1043.911,1214.822,1212.208
2013-03-04,1578.0,1574.25,1049.063,1045.388,1214.126,1210.031
2013-03-01,1570.0,1582.25,1043.744,1054.131,1203.988,1218.991
2013-02-28,1591.0,1588.5,1049.195,1046.719,1213.392,1213.614
2013-02-27,1608.5,1604.25,1062.277,1058.143,1228.801,1225.554
2013-02-26,1597.25,1590.5,1052.068,1049.35,1219.647,1216.723
2013-02-25,1592.5,1586.25,1051.849,1049.593,1201.887,1194.106
2013-02-22,1580.0,1576.5,1034.776,1032.89,1196.154,1199.133
2013-02-21,1568.5,1577.0,1030.958,1034.505,1189.339,1192.799
2013-02-20,1602.0,1588.5,1045.76,1038.507,1195.344,1188.019
2013-02-19,1613.5,1607.75,1041.573,1039.135,1208.795,1203.136
2013-02-15,1629.25,1612.25,1052.011,1039.893,1221.418,1207.407
2013-02-14,1644.0,1646.0,1060.372,1062.278,1233.216,1233.883
2013-02-13,1648.0,1645.0,1054.585,1056.451,1223.55,1221.051
2013-02-12,1641.75,1647.5,1053.146,1055.21,1225.278,1227.279
2013-02-11,1663.5,1652.0,1057.937,1053.773,1242.159,1235.602
2013-02-08,1669.75,1668.25,1059.553,1057.059,1245.153,1245.706
2013-02-07,1675.75,1668.0,1065.863,1061.744,1235.986,1242.921
2013-02-06,1670.0,1674.25,1066.547,1069.603,1234.933,1238.351
2013-02-05,1678.0,1673.5,1063.574,1065.449,1240.024,1236.241
2013-02-04,1664.25,1666.0,1057.472,1057.979,1224.524,1227.166
2013-02-01,1665.0,1669.0,1052.465,1058.137,1217.996,1225.044
2013-01-31,1674.5,1664.75,1058.47,1053.039,1234.882,1226.968
2013-01-30,1666.25,1677.5,1057.198,1063.459,1230.704,1236.912
2013-01-29,1660.5,1663.5,1057.172,1055.386,1235.123,1233.501
2013-01-28,1656.75,1656.5,1052.774,1053.954,1232.426,1230.775
2013-01-25,1670.25,1660.0,1058.93,1049.902,1243.393,1233.101
2013-01-24,1677.0,1671.0,1059.18,1058.667,1258.065,1250.281
2013-01-23,1692.25,1690.25,1066.186,1064.859,1268.839,1267.719
2013-01-22,1692.5,1690.5,1068.363,1066.158,1268.17,1270.098
2013-01-18,1690.0,1688.5,1060.492,1062.016,1265.823,1269.072
2013-01-17,1683.25,1675.0,1050.849,1048.513,1260.106,1254.4
2013-01-16,1679.75,1676.25,1047.552,1048.771,1262.78,1262.997
2013-01-15,1681.0,1680.5,1045.918,1047.432,1257.669,1260.123
2013-01-14,1667.75,1666.5,1034.392,1038.253,1246.823,1248.034
2013-01-11,1669.5,1657.5,1036.249,1029.887,1258.291,1243.249
2013-01-10,1663.0,1675.0,1036.654,1041.149,1269.369,1270.479
2013-01-09,1663.5,1657.75,1035.352,1035.511,1272.373,1270.404
2013-01-08,1653.75,1656.0,1028.068,1032.097,1261.057,1266.636
2013-01-07,1653.75,1645.25,1029.604,1023.675,1267.824,1260.149
2013-01-04,1632.25,1648.0,1018.374,1026.727,1254.323,1262.932
2013-01-03,1684.5,1679.5,1039.686,1039.359,1285.093,1281.865
2013-01-02,1681.5,1693.75,1031.216,1038.664,1270.111,1277.627
2012-12-28,1658.75,1657.5,1031.369,1027.206,1259.683,1253.024
2012-12-27,1655.25,1655.5,1022.959,1024.0,1247.645,1247.551
2012-12-21,1648.25,1651.5,1014.557,1019.256,1246.974,1253.701
2012-12-20,1667.0,1650.5,1024.963,1013.945,1259.254,1243.97
2012-12-19,1674.5,1665.0,1027.868,1023.167,1261.489,1253.765
2012-12-18,1699.5,1694.0,1048.104,1044.132,1289.258,1285.573
2012-12-17,1690.0,1695.75,1043.21,1046.307,1285.269,1286.999
2012-12-14,1696.5,1696.25,1051.376,1052.003,1297.316,1295.639
2012-12-13,1694.75,1692.75,1051.464,1049.767,1299.157,1294.349
2012-12-12,1712.5,1716.25,1061.686,1064.341,1315.587,1316.647
2012-12-11,1709.75,1710.0,1063.41,1061.782,1318.234,1315.789
2012-12-10,1708.5,1712.5,1065.415,1064.524,1324.111,1324.132
2012-12-07,1697.0,1701.5,1058.706,1062.707,1312.553,1318.481
2012-12-06,1693.0,1694.25,1050.77,1052.787,1295.135,1303.771
2012-12-05,1703.0,1694.0,1057.895,1052.305,1300.794,1295.9
2012-12-04,1706.75,1697.75,1058.647,1053.849,1305.354,1297.181
2012-12-03,1718.0,1720.0,1069.672,1069.585,1317.586,1318.109
2012-11-30,1728.25,1726.0,1077.866,1077.74,1329.525,1326.672
2012-11-29,1724.5,1725.0,1076.467,1075.101,1327.56,1326.107
2012-11-28,1741.0,1708.0,1087.377,1069.84,1347.002,1325.778
2012-11-27,1747.25,1746.25,1090.464,1089.228,1349.54,1350.75
2012-11-26,1747.25,1750.5,1090.872,1093.174,1347.563,1349.861
2012-11-23,1734.75,1734.5,1088.368,1085.555,1345.393,1340.21
2012-11-21,1726.75,1724.0,1085.051,1081.692,1350.712,1343.621
2012-11-20,1734.0,1732.25,1089.059,1088.302,1354.053,1353.215
2012-11-19,1723.25,1730.5,1083.669,1087.954,1349.663,1353.433
2012-11-16,1710.0,1713.5,1077.912,1080.255,1342.756,1346.562
2012-11-15,1723.5,1710.0,1087.656,1078.048,1351.447,1337.191
2012-11-14,1724.5,1725.75,1085.205,1087.155,1353.08,1354.486
2012-11-13,1724.75,1726.25,1085.226,1086.991,1360.857,1359.894
2012-11-09,1732.75,1738.25,1085.547,1091.18,1362.225,1366.549
2012-11-08,1715.0,1717.0,1075.842,1074.401,1347.423,1347.301
2012-11-07,1730.5,1715.25,1080.752,1073.037,1345.855,1344.345
2012-11-06,1691.75,1691.0,1058.8,1058.065,1321.576,1320.578
2012-11-05,1679.0,1683.5,1050.82,1054.296,1313.052,1316.263
2012-11-02,1708.25,1685.0,1061.289,1050.041,1325.766,1311.59
2012-11-01,1723.25,1716.25,1065.642,1063.681,1330.592,1324.676
2012-10-31,1718.0,1719.0,1065.889,1067.967,1321.538,1325.673
2012-10-30,1713.5,1710.0,1067.069,1063.83,1322.655,1319.139
2012-10-29,1712.0,1707.0,1066.002,1064.082,1326.72,1322.333
2012-10-26,1704.0,1716.0,1057.006,1064.384,1316.44,1326.326
2012-10-25,1715.0,1715.5,1063.236,1063.217,1317.71,1322.464
2012-10-24,1708.5,1706.5,1069.283,1064.566,1321.039,1317.049
2012-10-23,1717.0,1711.0,1072.12,1071.921,1317.223,1318.69
2012-10-22,1725.0,1726.75,1075.101,1076.527,1321.029,1321.661
2012-10-19,1732.75,1737.0,1078.856,1082.243,1327.269,1332.26
2012-10-18,1748.0,1743.0,1081.415,1080.394,1331.708,1330.534
2012-10-17,1747.75,1749.0,1082.332,1081.766,1333.855,1331.963
2012-10-16,1737.5,1746.5,1080.4,1083.302,1337.361,1338.314
2012-10-15,1747.25,1736.0,1086.869,1081.283,1347.563,1341.162
2012-10-12,1767.0,1766.75,1101.346,1098.315,1362.795,1361.133
2012-10-11,1767.25,1769.0,1103.29,1102.455,1371.45,1366.445
2012-10-10,1763.0,1761.25,1102.013,1099.75,1370.918,1366.687
2012-10-09,1770.75,1774.0,1106.58,1107.85,1369.913,1373.065
2012-10-05,1790.0,1784.0,1105.689,1101.303,1375.548,1366.526
2012-10-04,1786.5,1791.75,1109.007,1110.268,1380.923,1379.436
2012-10-03,1777.25,1775.25,1102.376,1103.737,1374.729,1376.91
2012-10-02,1778.5,1775.5,1100.557,1099.653,1377.188,1372.845
2012-10-01,1770.5,1787.0,1096.013,1104.996,1372.8,1382.271
2012-09-28,1781.0,1776.0,1098.772,1099.486,1374.653,1377.278
2012-09-27,1755.25,1763.0,1084.157,1087.064,1365.316,1369.959
2012-09-26,1763.75,1744.75,1089.071,1078.737,1369.797,1357.36
2012-09-25,1766.75,1771.5,1088.369,1090.825,1369.361,1367.637
2012-09-24,1758.5,1762.5,1084.958,1088.164,1361.911,1364.692
2012-09-21,1773.75,1784.5,1089.193,1096.265,1361.282,1373.326
2012-09-20,1760.0,1758.5,1088.032,1086.701,1360.334,1359.385
2012-09-19,1774.5,1766.75,1092.538,1089.309,1361.439,1355.077
2012-09-18,1756.75,1769.5,1081.809,1090.399,1344.314,1355.419
2012-09-17,1767.25,1770.0,1089.416,1088.963,1349.355,1346.315
2012-09-14,1772.5,1775.5,1093.528,1094.299,1359.696,1348.959
2012-09-13,1730.5,1733.25,1073.644,1076.152,1339.811,1343.188
2012-09-12,1742.75,1737.0,1081.714,1078.949,1352.227,1346.094
2012-09-11,1731.0,1736.75,1081.334,1082.492,1352.766,1353.241
2012-09-10,1732.75,1732.0,1082.63,1083.99,1355.087,1354.713
2012-09-07,1696.0,1728.0,1062.058,1080.068,1337.75,1354.657
2012-09-06,1708.5,1701.0,1074.528,1069.61,1355.092,1351.931
2012-09-05,1689.5,1690.0,1065.259,1062.225,1349.225,1340.525
2012-09-04,1691.5,1697.0,1064.439,1068.842,1342.247,1349.503
2012-08-31,1657.75,1648.5,1047.684,1041.311,1319.025,1311.56
2012-08-30,1657.0,1660.5,1046.482,1047.436,1320.214,1323.002
2012-08-29,1664.25,1660.0,1051.659,1049.437,1325.04,1325.455
2012-08-28,1663.5,1668.0,1053.515,1055.162,1325.181,1328.131
2012-08-24,1666.5,1667.0,1051.884,1053.796,1329.159,1332.747
2012-08-23,1662.5,1665.25,1047.574,1049.505,1324.068,1327.633
2012-08-22,1640.5,1642.0,1038.488,1038.977,1315.874,1315.6
2012-08-21,1624.0,1639.5,1030.261,1039.5,1308.939,1314.966
2012-08-20,1615.25,1615.0,1028.036,1028.793,1306.837,1310.877
2012-08-17,1616.5,1614.75,1028.57,1028.896,1306.052,1311.738
2012-08-16,1603.5,1604.5,1021.338,1020.48,1306.739,1301.614
2012-08-15,1594.75,1601.75,1016.736,1021.394,1293.6,1304.357
2012-08-14,1614.5,1597.75,1028.344,1018.583,1305.596,1294.773
2012-08-13,1622.25,1622.5,1035.325,1032.584,1317.296,1311.641
2012-08-10,1608.5,1618.5,1030.693,1037.101,1310.921,1320.039
2012-08-09,1612.75,1615.0,1029.787,1033.931,1307.458,1313.222
2012-08-08,1607.0,1613.25,1030.326,1031.556,1298.901,1307.334
2012-08-07,1613.0,1611.0,1032.386,1028.473,1300.387,1295.954
2012-08-06,1606.75,1610.0,1032.284,1033.243,1299.434,1298.597
2012-08-03,1595.0,1602.0,1024.735,1028.043,1303.531,1299.586
2012-08-02,1604.5,1597.0,1031.899,1026.482,1305.533,1307.409
2012-08-01,1614.75,1599.0,1032.779,1023.884,1311.952,1298.1
2012-07-31,1622.75,1622.0,1034.455,1037.416,1323.29,1321.062
2012-07-30,1616.5,1617.75,1029.749,1031.465,1317.871,1320.073
2012-07-27,1618.75,1618.25,1031.511,1026.874,1321.429,1309.052
2012-07-26,1603.0,1618.0,1034.26,1030.573,1321.735,1315.768
2012-07-25,1587.5,1601.0,1024.855,1034.706,1309.386,1319.759
2012-07-24,1573.0,1583.25,1015.232,1019.085,1300.537,1308.255
2012-07-23,1571.5,1572.25,1011.912,1014.486,1298.117,1300.993
2012-07-20,1583.0,1576.25,1007.831,1007.639,1291.296,1296.258
2012-07-19,1580.0,1584.0,1009.327,1009.367,1287.064,1294.752
2012-07-18,1579.5,1575.25,1012.565,1008.289,1288.651,1286.443
2012-07-17,1595.0,1585.25,1020.473,1016.121,1296.853,1293.659
2012-07-16,1584.0,1589.75,1020.684,1018.74,1300.172,1299.771
2012-07-13,1579.0,1595.5,1022.337,1026.573,1294.05,1301.599
2012-07-12,1565.5,1556.25,1011.959,1007.738,1281.097,1277.395
2012-07-11,1576.5,1577.0,1012.914,1013.171,1284.004,1284.83
2012-07-10,1594.5,1595.25,1025.996,1027.735,1293.292,1300.016
2012-07-09,1581.0,1585.0,1020.658,1022.251,1287.145,1290.506
2012-07-06,1591.75,1587.0,1024.292,1023.211,1285.535,1288.463
2012-07-05,1616.75,1604.0,1037.575,1033.572,1292.986,1296.162
2012-07-03,1608.5,1617.5,1025.698,1031.306,1278.312,1285.26
2012-07-02,1596.25,1592.0,1018.341,1014.465,1263.256,1263.292
2012-06-29,1569.5,1598.5,1006.09,1019.322,1248.012,1260.448
2012-06-28,1567.75,1558.5,1008.978,1004.188,1261.466,1253.317
2012-06-27,1567.5,1573.5,1003.393,1010.532,1255.306,1261.828
2012-06-26,1583.25,1576.0,1013.734,1009.48,1267.411,1262.618
2012-06-25,1569.0,1570.0,1009.003,1008.997,1256.406,1256.603
2012-06-22,1570.5,1565.5,1005.699,1003.526,1251.793,1244.633
2012-06-21,1600.0,1582.0,1017.165,1010.733,1261.432,1254.063
2012-06-20,1618.75,1601.0,1029.412,1017.154,1274.807,1259.638
2012-06-19,1628.5,1625.5,1040.309,1035.482,1291.743,1284.98
2012-06-18,1623.5,1615.5,1035.197,1031.543,1284.516,1282.143
2012-06-15,1622.25,1627.25,1043.583,1041.04,1284.442,1289.462
2012-06-14,1619.0,1613.5,1044.651,1038.155,1289.834,1280.251
2012-06-13,1612.75,1619.5,1034.942,1041.68,1286.187,1292.498
2012-06-12,1589.25,1603.5,1025.653,1032.318,1271.4,1284.444
2012-06-11,1593.0,1584.0,1023.45,1019.239,1264.788,1262.151
2012-06-08,1576.0,1576.5,1021.718,1022.374,1264.34,1265.249
2012-06-07,1620.75,1606.0,1046.253,1033.196,1288.662,1277.34
2012-06-06,1633.25,1635.0,1057.325,1056.475,1305.451,1307.163
2012-06-01,1552.5,1606.0,1015.37,1041.775,1259.533,1292.763
2012-05-31,1567.5,1558.0,1010.508,1008.741,1262.077,1258.278
2012-05-30,1548.75,1540.0,995.405,989.844,1244.976,1239.437
2012-05-29,1573.75,1579.5,1003.667,1007.913,1254.484,1260.575
2012-05-25,1560.5,1569.5,996.043,1000.638,1240.658,1252.194
2012-05-24,1558.5,1568.5,993.624,999.936,1239.265,1248.011
2012-05-23,1555.0,1549.0,989.563,985.557,1229.443,1225.766
2012-05-22,1575.75,1582.5,998.764,1000.632,1233.947,1239.233
2012-05-21,1590.25,1592.5,1005.342,1008.039,1245.204,1250.0
2012-05-18,1588.0,1589.5,1005.127,1004.741,1251.083,1249.803
2012-05-17,1547.0,1554.0,973.997,982.798,1217.439,1223.718
2012-05-16,1537.5,1548.5,966.313,971.577,1208.726,1214.034
2012-05-15,1559.0,1556.5,969.95,971.416,1213.607,1217.919
2012-05-14,1563.0,1558.5,972.62,969.699,1213.792,1214.731
2012-05-11,1580.75,1583.0,980.979,983.78,1221.694,1223.622
2012-05-10,1590.0,1598.5,987.394,988.253,1228.368,1232.555
2012-05-09,1585.5,1582.5,984.171,983.225,1221.871,1223.141
2012-05-08,1627.0,1602.5,1008.992,993.49,1250.769,1233.831
2012-05-04,1629.5,1643.75,1007.543,1015.978,1240.201,1248.765
2012-05-03,1642.5,1637.75,1015.896,1012.394,1251.238,1244.302
2012-05-02,1652.5,1648.0,1020.44,1019.297,1257.706,1253.995
2012-05-01,1661.25,1664.0,1024.704,1025.641,1253.017,1256.133
2012-04-30,1662.5,1651.25,1021.443,1016.154,1256.614,1248.11
2012-04-27,1654.0,1663.5,1019.603,1024.449,1250.283,1255.946
2012-04-26,1648.25,1653.5,1017.878,1021.562,1246.22,1250.189
2012-04-25,1641.25,1637.75,1019.537,1015.533,1241.49,1239.311
2012-04-24,1638.75,1649.5,1014.832,1021.995,1244.683,1248.297
2012-04-23,1632.0,1629.0,1014.421,1011.864,1240.97,1240.954
2012-04-20,1640.0,1641.5,1018.254,1018.553,1246.295,1244.126
2012-04-19,1642.0,1650.0,1022.734,1027.717,1249.905,1256.664
2012-04-18,1646.5,1644.0,1030.802,1028.014,1258.407,1256.017
2012-04-17,1652.0,1635.5,1035.542,1027.195,1255.51,1247.902
2012-04-16,1648.25,1653.0,1040.693,1043.956,1266.034,1268.124
2012-04-13,1670.5,1666.5,1048.914,1047.125,1269.859,1272.137
2012-04-12,1655.5,1668.5,1039.038,1045.819,1261.333,1266.318
2012-04-11,1654.0,1658.0,1040.252,1041.13,1261.632,1261.988
2012-04-10,1643.75,1644.0,1037.721,1037.486,1255.921,1255.537
2012-04-05,1622.5,1631.0,1022.82,1029.607,1239.212,1248.278
2012-04-04,1631.75,1621.0,1027.745,1021.102,1239.649,1233.732
2012-04-03,1674.75,1676.25,1044.174,1049.164,1254.025,1258.446
2012-04-02,1664.0,1677.5,1037.536,1047.129,1246.162,1261.089
2012-03-30,1660.75,1662.5,1038.683,1039.452,1245.313,1246.626
2012-03-29,1655.75,1657.5,1041.221,1042.978,1245.862,1248.588
2012-03-28,1677.0,1676.0,1052.004,1054.951,1255.615,1258.636
2012-03-27,1694.0,1692.0,1059.545,1058.89,1266.542,1269.413
2012-03-26,1658.0,1680.25,1047.908,1053.977,1255.015,1261.26
2012-03-23,1651.0,1664.0,1040.852,1047.991,1246.038,1254.429
2012-03-22,1636.0,1635.5,1035.968,1034.799,1243.161,1242.309
2012-03-21,1656.0,1649.25,1042.953,1042.048,1248.21,1250.379
2012-03-20,1648.5,1656.75,1039.014,1044.412,1248.864,1250.566
2012-03-19,1654.0,1661.5,1044.258,1046.087,1256.934,1258.712
2012-03-16,1649.0,1658.0,1049.049,1046.189,1263.021,1258.444
2012-03-15,1646.75,1648.0,1052.573,1052.027,1262.264,1261.192
2012-03-14,1662.0,1644.25,1057.925,1049.633,1271.614,1261.799
2012-03-13,1694.75,1690.0,1082.631,1077.119,1291.435,1291.555
2012-03-12,1705.25,1697.5,1088.573,1086.052,1299.931,1293.235
2012-03-09,1699.5,1687.5,1078.295,1074.567,1285.358,1285.225
2012-03-08,1701.5,1690.0,1076.694,1070.162,1287.26,1276.435
2012-03-07,1682.5,1677.5,1068.525,1067.248,1278.69,1279.167
2012-03-06,1685.5,1669.0,1068.26,1059.01,1282.237,1271.813
2012-03-05,1698.0,1705.0,1073.596,1074.693,1286.169,1289.81
2012-03-02,1714.5,1707.0,1076.136,1077.583,1292.986,1293.77
2012-03-01,1721.0,1714.0,1079.132,1074.743,1289.815,1287.077
2012-02-29,1788.0,1770.0,1120.792,1110.484,1329.961,1319.812
2012-02-28,1774.75,1781.0,1120.423,1124.227,1321.482,1326.333
2012-02-27,1765.0,1772.0,1113.284,1118.052,1316.182,1323.573
2012-02-24,1778.5,1777.5,1125.419,1121.38,1328.23,1321.856
2012-02-23,1776.5,1777.0,1130.449,1132.93,1334.41,1337.297
2012-02-22,1754.75,1752.0,1116.324,1119.346,1325.04,1325.566
2012-02-21,1737.0,1748.0,1097.977,1107.24,1313.124,1321.439
2012-02-17,1732.0,1723.0,1093.089,1089.817,1316.51,1309.569
2012-02-16,1716.0,1713.0,1094.737,1090.041,1320.508,1313.65
2012-02-15,1725.5,1733.0,1099.325,1104.807,1309.876,1324.62
2012-02-14,1721.0,1722.0,1091.797,1098.214,1303.097,1309.107
2012-02-13,1727.0,1720.0,1093.107,1089.297,1302.217,1300.764
2012-02-10,1715.5,1711.5,1084.25,1086.667,1295.206,1298.46
2012-02-09,1733.0,1748.0,1094.204,1103.535,1304.773,1314.187
2012-02-08,1743.0,1746.0,1095.951,1101.022,1315.174,1316.544
2012-02-07,1720.0,1724.0,1087.575,1089.622,1308.98,1307.348
2012-02-06,1717.0,1719.0,1090.851,1089.63,1315.306,1315.125
2012-02-03,1759.5,1734.0,1110.655,1099.068,1335.484,1324.574
2012-02-02,1747.5,1751.0,1102.802,1107.107,1326.678,1332.471
2012-02-01,1744.0,1740.0,1106.739,1098.832,1327.649,1322.088
2012-01-31,1738.0,1744.0,1102.232,1105.617,1317.265,1328.155
2012-01-30,1720.5,1729.0,1097.398,1103.03,1310.059,1319.042
2012-01-27,1722.0,1726.0,1095.978,1099.853,1310.303,1316.452
2012-01-26,1713.0,1727.0,1091.013,1100.841,1300.585,1311.513
2012-01-25,1659.0,1650.0,1064.075,1058.778,1277.038,1273.443
2012-01-24,1669.0,1665.5,1072.691,1069.273,1282.169,1283.227
2012-01-23,1675.0,1675.5,1076.547,1074.038,1294.936,1285.386
2012-01-20,1646.0,1653.0,1064.683,1064.94,1274.29,1279.016
2012-01-19,1664.0,1655.0,1076.535,1070.989,1289.623,1284.041
2012-01-18,1657.0,1647.0,1077.093,1067.54,1290.8,1283.21
2012-01-17,1662.0,1656.0,1080.343,1079.32,1299.758,1302.092
2012-01-13,1642.0,1635.5,1070.265,1069.304,1281.711,1289.623
2012-01-12,1652.5,1661.0,1077.109,1082.861,1296.18,1294.319
2012-01-11,1641.0,1634.5,1063.513,1064.405,1286.252,1289.14
2012-01-10,1627.0,1637.0,1051.917,1056.947,1271.491,1279.406
2012-01-09,1618.0,1615.0,1047.385,1045.443,1266.536,1268.258
2012-01-06,1621.0,1616.5,1045.672,1049.88,1265.813,1271.533
2012-01-05,1614.5,1599.0,1038.33,1032.546,1256.322,1250.0
2012-01-04,1603.0,1613.0,1024.281,1032.386,1229.955,1245.656
2012-01-03,1590.0,1598.0,1019.95,1023.834,1221.198,1224.99
2011-12-29,1537.5,1531.0,1000.325,992.673,1192.323,1184.16
2011-12-28,1584.0,1571.0,1010.978,1012.242,1211.472,1208.647
2011-12-22,1609.0,1606.5,1024.971,1024.684,1231.44,1231.129
2011-12-21,1637.5,1608.0,1039.353,1025.706,1243.828,1232.845
2011-12-20,1605.0,1613.5,1027.003,1029.609,1227.909,1230.271
2011-12-19,1593.0,1598.0,1028.339,1029.241,1222.939,1227.06
2011-12-16,1589.5,1594.0,1022.844,1026.93,1218.942,1222.862
2011-12-15,1590.0,1574.0,1026.535,1015.156,1223.642,1210.118
2011-12-14,1635.0,1603.0,1055.315,1036.869,1255.182,1235.262
2011-12-13,1665.0,1672.5,1068.746,1072.115,1262.224,1267.141
2011-12-12,1680.0,1659.5,1077.061,1063.85,1266.491,1253.872
2011-12-08,1739.0,1715.0,1105.812,1095.427,1297.277,1286.379
2011-12-07,1731.0,1735.5,1108.195,1105.344,1289.962,1297.376
2011-12-06,1720.0,1708.0,1098.761,1092.7,1284.541,1275.579
2011-12-05,1744.0,1744.0,1114.876,1111.819,1296.076,1295.498
2011-12-02,1751.0,1747.0,1116.496,1114.585,1298.287,1295.898
2011-12-01,1750.0,1752.0,1113.019,1113.583,1298.027,1297.874
2011-11-30,1704.0,1746.0,1095.609,1109.769,1282.457,1296.695
2011-11-29,1717.0,1717.0,1098.318,1098.528,1278.671,1287.686
2011-11-28,1714.0,1714.0,1100.411,1100.976,1280.06,1281.495
2011-11-25,1676.0,1688.5,1084.018,1089.144,1263.856,1272.131
2011-11-22,1697.5,1699.0,1083.903,1086.873,1253.137,1257.029
2011-11-21,1704.0,1702.0,1085.419,1089.419,1266.444,1265.522
2011-11-18,1730.0,1719.0,1093.0,1089.285,1279.87,1270.228
2011-11-17,1756.0,1742.5,1115.7,1104.596,1304.122,1288.545
2011-11-16,1773.0,1756.0,1124.429,1115.133,1311.488,1301.126
2011-11-15,1765.0,1785.0,1113.986,1126.752,1302.391,1317.149
2011-11-14,1780.5,1776.0,1115.602,1116.349,1299.066,1304.252
2011-11-10,1766.0,1756.0,1109.087,1102.807,1299.007,1292.412
2011-11-09,1780.0,1784.0,1112.5,1119.97,1300.409,1313.213
2011-11-08,1794.0,1795.0,1114.493,1114.353,1301.509,1297.247
2011-11-04,1756.0,1749.0,1096.472,1096.071,1269.612,1272.555
2011-11-01,1702.0,1699.0,1067.687,1066.206,1243.062,1243.869
2011-10-31,1718.0,1722.0,1072.878,1072.429,1227.231,1231.495
2011-10-28,1735.0,1741.0,1077.908,1081.299,1224.504,1230.041
2011-10-26,1713.0,1715.0,1070.692,1072.21,1229.543,1233.369
2011-10-25,1656.25,1656.0,1036.192,1036.36,1187.957,1193.084
2011-10-24,1651.0,1652.0,1035.564,1036.191,1191.37,1192.177
2011-10-21,1623.0,1642.5,1027.02,1031.138,1178.136,1183.528
2011-10-20,1629.0,1620.0,1033.236,1028.963,1180.178,1177.668
2011-10-17,1689.0,1682.0,1069.326,1066.853,1217.648,1222.473
2011-10-14,1676.0,1678.0,1062.306,1060.482,1214.317,1210.416
2011-10-13,1673.0,1656.0,1065.741,1054.911,1218.056,1209.554
2011-10-12,1687.0,1682.0,1070.364,1067.869,1222.021,1220.432
2011-10-11,1662.0,1663.0,1064.089,1064.729,1222.958,1223.784
2011-10-07,1651.0,1652.0,1063.104,1059.314,1229.52,1224.883
2011-10-06,1649.5,1635.0,1065.431,1066.258,1234.194,1225.362
2011-10-05,1600.0,1617.0,1035.398,1045.654,1202.555,1212.053
2011-10-04,1672.0,1638.0,1086.349,1066.615,1267.051,1240.909
2011-10-03,1660.0,1655.5,1068.074,1068.616,1242.515,1242.961
2011-09-29,1620.0,1613.0,1033.691,1026.539,1187.77,1182.898
2011-09-28,1655.0,1643.0,1059.336,1049.773,1214.768,1205.429
2011-09-27,1671.0,1659.0,1075.497,1058.171,1236.404,1216.276
2011-09-26,1615.0,1598.0,1041.868,1029.706,1198.961,1190.317
2011-09-23,1730.0,1689.0,1119.814,1092.355,1279.68,1250.0
2011-09-22,1765.5,1722.0,1144.348,1118.472,1310.399,1277.259
2011-09-21,1810.25,1793.0,1155.233,1148.843,1322.219,1310.385
2011-09-20,1792.0,1799.0,1142.274,1146.444,1309.367,1315.635
2011-09-19,1817.0,1794.0,1155.558,1145.374,1332.307,1317.664
2011-09-16,1778.0,1794.0,1126.243,1133.649,1288.686,1297.18
2011-09-15,1806.0,1782.0,1143.183,1123.51,1310.025,1283.122
2011-09-14,1829.0,1818.5,1160.459,1152.554,1339.338,1328.245
